datetime,open,high,low,close,volume,Name
31-08-2016,274.200012,305.5,274.200012,299.399994,79264509,RBLBANK
01-09-2016,302.5,316.5,302,305.149994,14699482,RBLBANK
02-09-2016,306.5,309,298.549988,301.25,4762383,RBLBANK
06-09-2016,303,310.25,300.600006,307.75,5777669,RBLBANK
07-09-2016,308.850006,312.799988,302.399994,304,4147204,RBLBANK
08-09-2016,306.5,308,303.649994,305.5,1509509,RBLBANK
09-09-2016,303.649994,303.649994,298.100006,298.799988,1570381,RBLBANK
12-09-2016,290.899994,299.75,287.600006,296.950012,1779353,RBLBANK
14-09-2016,299.100006,303.299988,296,296.950012,1148592,RBLBANK
15-09-2016,298,302.75,295,299.350006,1288230,RBLBANK
16-09-2016,300.600006,304.5,299.450012,301.799988,1559076,RBLBANK
19-09-2016,303,303.899994,299.25,301.350006,732837,RBLBANK
20-09-2016,301.350006,301.5,296.299988,297.149994,493343,RBLBANK
21-09-2016,298,301.899994,297.350006,300,512999,RBLBANK
22-09-2016,302.25,304,300.700012,302.149994,1107243,RBLBANK
23-09-2016,303,307.950012,301.399994,303.299988,1735881,RBLBANK
26-09-2016,303,303,299,302.200012,573498,RBLBANK
27-09-2016,303,303.5,298,298.899994,399580,RBLBANK
28-09-2016,300.5,304.450012,295.549988,297.549988,800367,RBLBANK
29-09-2016,298.899994,302.5,281.549988,285.899994,1238800,RBLBANK
30-09-2016,287,293.799988,286.049988,291.200012,678758,RBLBANK
03-10-2016,298.5,299.899994,295.200012,297.600006,770999,RBLBANK
04-10-2016,299.100006,299.950012,296.5,297.549988,638685,RBLBANK
05-10-2016,299.799988,299.899994,295,295.649994,629557,RBLBANK
06-10-2016,299,307.5,296,304.299988,2018179,RBLBANK
07-10-2016,305,315.450012,305,309.25,2853699,RBLBANK
10-10-2016,311.899994,314.899994,308.649994,313.100006,870931,RBLBANK
13-10-2016,310,311.399994,303.799988,306.25,634699,RBLBANK
14-10-2016,307,321.299988,306.399994,314.700012,2723451,RBLBANK
17-10-2016,316,316.450012,306,307.799988,1042365,RBLBANK
18-10-2016,309.350006,312.399994,303,307.450012,1410353,RBLBANK
19-10-2016,311.950012,316,311.899994,313.399994,1951746,RBLBANK
20-10-2016,322,335,316.700012,328.049988,14969063,RBLBANK
21-10-2016,328,332,322.5,328.549988,2572236,RBLBANK
24-10-2016,329.299988,334.899994,324.399994,333.600006,2301063,RBLBANK
25-10-2016,334,346,332.200012,344.5,2684845,RBLBANK
26-10-2016,345.799988,357,341.399994,353.450012,2416491,RBLBANK
27-10-2016,353.350006,367,343.649994,361.149994,2552663,RBLBANK
28-10-2016,364.799988,376,364.75,374.649994,3822219,RBLBANK
01-11-2016,396.200012,404.399994,393.200012,395.799988,4793590,RBLBANK
02-11-2016,390,390,381,382.049988,2677682,RBLBANK
03-11-2016,383,389.299988,375.549988,378.950012,1872349,RBLBANK
04-11-2016,381.350006,381.350006,353,365.950012,4093138,RBLBANK
07-11-2016,374,387,372.200012,383.200012,2143425,RBLBANK
08-11-2016,388,392,376.649994,385.950012,1945916,RBLBANK
09-11-2016,335,385.700012,330,376.950012,7489091,RBLBANK
10-11-2016,386.25,392,376.600006,380.899994,3426477,RBLBANK
11-11-2016,379.149994,389,377,379.25,2213653,RBLBANK
15-11-2016,377,384,360.649994,363.649994,2301339,RBLBANK
16-11-2016,374.899994,374.899994,352,354.049988,2884543,RBLBANK
17-11-2016,357.950012,359.5,338,341.700012,2473956,RBLBANK
18-11-2016,342.100006,348,338,338.950012,1969726,RBLBANK
21-11-2016,343,345,330.399994,333.600006,1668922,RBLBANK
22-11-2016,336.450012,345.950012,332.100006,344.200012,1410662,RBLBANK
23-11-2016,347.700012,347.75,338.100006,340.700012,1324444,RBLBANK
24-11-2016,338,343.5,333.450012,337.600006,1137889,RBLBANK
25-11-2016,341.299988,352.5,341.100006,351.100006,2139191,RBLBANK
28-11-2016,343,356.700012,341.600006,353.200012,1775757,RBLBANK
29-11-2016,352.049988,363,352.049988,359.649994,1515335,RBLBANK
30-11-2016,362,365.399994,359,363.75,2231594,RBLBANK
01-12-2016,367,367,350.299988,352.350006,1136639,RBLBANK
02-12-2016,348.600006,352.399994,343.600006,346.700012,1280824,RBLBANK
05-12-2016,346.700012,351.899994,346,350.399994,775558,RBLBANK
06-12-2016,350.549988,354,345.25,347.75,668599,RBLBANK
07-12-2016,350.399994,356.75,340,345,1530231,RBLBANK
08-12-2016,345.899994,355,345.899994,354.100006,1075910,RBLBANK
09-12-2016,355.75,355.899994,349.5,351.549988,639742,RBLBANK
12-12-2016,351.399994,351.600006,346.299988,348.950012,451324,RBLBANK
13-12-2016,349.600006,350.549988,343,344.5,498168,RBLBANK
14-12-2016,346,346.5,339.049988,340.25,494081,RBLBANK
15-12-2016,337,359.25,336.100006,355.700012,2148784,RBLBANK
16-12-2016,357.899994,359.600006,351.5,352.350006,876002,RBLBANK
19-12-2016,352.399994,352.399994,345.200012,346.350006,496713,RBLBANK
20-12-2016,346.700012,350.100006,343,344.950012,808548,RBLBANK
21-12-2016,346.5,347.399994,342.100006,344.200012,981199,RBLBANK
22-12-2016,344,346,339.200012,340.200012,1389189,RBLBANK
23-12-2016,340,342.299988,335.850006,336.600006,687689,RBLBANK
26-12-2016,337.799988,337.799988,330.100006,330.799988,760436,RBLBANK
27-12-2016,333.950012,334.399994,327.600006,330.299988,975916,RBLBANK
28-12-2016,331.5,334,325.100006,327.899994,1582481,RBLBANK
29-12-2016,331.25,334.899994,327.5,331.649994,987942,RBLBANK
30-12-2016,332.600006,336.899994,332,335.100006,761290,RBLBANK
02-01-2017,338.700012,338.899994,333.200012,335.799988,451008,RBLBANK
03-01-2017,334.5,344.799988,334.5,341.299988,1270559,RBLBANK
04-01-2017,344.399994,349.600006,342.149994,345.549988,831454,RBLBANK
05-01-2017,348,355,346.100006,353.950012,955270,RBLBANK
06-01-2017,356,359.350006,353.299988,356.5,897733,RBLBANK
09-01-2017,357.100006,360,354,354.700012,543620,RBLBANK
10-01-2017,356,364.399994,356,362.5,846975,RBLBANK
11-01-2017,366,373,364.100006,369.399994,1435347,RBLBANK
12-01-2017,371.149994,373.899994,365.200012,367.75,849548,RBLBANK
13-01-2017,369,370,362.549988,366.350006,547211,RBLBANK
16-01-2017,365.5,379.25,365.5,376.450012,1038229,RBLBANK
17-01-2017,380,384.899994,380,382.700012,1192368,RBLBANK
18-01-2017,383,386,380.100006,381.450012,625932,RBLBANK
19-01-2017,382.299988,382.850006,376,377.899994,777651,RBLBANK
20-01-2017,380,384.899994,366.25,368.649994,1789052,RBLBANK
23-01-2017,382.100006,393.5,382.100006,389.450012,4767690,RBLBANK
24-01-2017,390,394.799988,389.600006,391.75,1368613,RBLBANK
25-01-2017,392.600006,393,387.5,390.049988,1077143,RBLBANK
27-01-2017,391.950012,411.600006,390,398.100006,3393399,RBLBANK
30-01-2017,397,403.399994,389,390.850006,1239306,RBLBANK
31-01-2017,391.649994,391.799988,380.100006,382.149994,958416,RBLBANK
01-02-2017,382.950012,402.649994,382.200012,400.950012,2418293,RBLBANK
02-02-2017,401.75,401.75,392.549988,394.450012,1241240,RBLBANK
03-02-2017,396.399994,399.75,388.350006,390.149994,1194842,RBLBANK
06-02-2017,394.049988,398,390.399994,392.200012,1076399,RBLBANK
07-02-2017,394,396,391,392.850006,691093,RBLBANK
08-02-2017,393.799988,396.950012,388.700012,393.399994,1104622,RBLBANK
09-02-2017,393.899994,397.799988,391,394.399994,904789,RBLBANK
10-02-2017,394.649994,395.700012,388.299988,389.5,490528,RBLBANK
13-02-2017,390.899994,395,387.200012,392.850006,723145,RBLBANK
14-02-2017,392.899994,407.950012,391.100006,403.75,2481915,RBLBANK
15-02-2017,403.100006,405.5,394,395.549988,1394501,RBLBANK
16-02-2017,397.049988,416.399994,392.799988,413.100006,3128098,RBLBANK
17-02-2017,417.700012,421.399994,413.600006,418.450012,1911043,RBLBANK
20-02-2017,419,426.799988,413.649994,425.25,1362897,RBLBANK
21-02-2017,425.799988,431.450012,424,426.549988,1222992,RBLBANK
22-02-2017,426,433.649994,422.5,427.200012,1174305,RBLBANK
23-02-2017,428.399994,474.149994,427.25,456.899994,6184856,RBLBANK
27-02-2017,458,488,457,467.799988,6100634,RBLBANK
28-02-2017,470.899994,484,470,476.700012,3355945,RBLBANK
01-03-2017,479.899994,481.850006,475.600006,479.149994,2085512,RBLBANK
02-03-2017,480.100006,482,455.549988,462.5,2999845,RBLBANK
03-03-2017,461.899994,467.25,452,455.549988,1651705,RBLBANK
06-03-2017,457.899994,475.5,457.299988,472.25,1621782,RBLBANK
07-03-2017,473,478.950012,468.100006,474.299988,1630959,RBLBANK
08-03-2017,474.100006,482.899994,474.100006,479.100006,1755717,RBLBANK
09-03-2017,478,482,470.799988,471.799988,1922479,RBLBANK
10-03-2017,473.149994,477.799988,466.649994,470.049988,613129,RBLBANK
14-03-2017,481.200012,484.350006,475,476.75,973750,RBLBANK
15-03-2017,478.450012,479.399994,472.350006,476.850006,501574,RBLBANK
16-03-2017,479.899994,481,477.5,479.149994,1197430,RBLBANK
17-03-2017,480.950012,496.399994,478,486.649994,2220915,RBLBANK
20-03-2017,489.299988,499.850006,486.850006,498.25,1577111,RBLBANK
21-03-2017,499.299988,507,492,501,1965748,RBLBANK
22-03-2017,495.25,509.950012,495,501,1309900,RBLBANK
23-03-2017,502.75,504.950012,498.049988,500.100006,763319,RBLBANK
24-03-2017,500.700012,503.899994,491.700012,492.950012,868783,RBLBANK
27-03-2017,493.950012,499.799988,491.049988,495.75,643606,RBLBANK
28-03-2017,499.350006,499.350006,484,486.600006,1285922,RBLBANK
29-03-2017,489,495.899994,481.299988,485.799988,1081736,RBLBANK
30-03-2017,485.649994,490,485,486.549988,583494,RBLBANK
31-03-2017,486.950012,498.399994,482.5,494.549988,1590621,RBLBANK
03-04-2017,497.899994,510.799988,495.799988,507.399994,1373303,RBLBANK
05-04-2017,510,546.5,509.149994,533.900024,3388473,RBLBANK
06-04-2017,533.900024,551,530,547.099976,2339282,RBLBANK
07-04-2017,542.950012,569.799988,540.099976,555.5,5450168,RBLBANK
10-04-2017,560.900024,599,560.599976,587.450012,5316206,RBLBANK
11-04-2017,592,599.400024,567,574.799988,3477562,RBLBANK
12-04-2017,574.400024,585,562,579.950012,4086616,RBLBANK
13-04-2017,579.049988,579.5,550.200012,558.650024,2135565,RBLBANK
17-04-2017,554.25,554.25,527.400024,540.5,2276461,RBLBANK
18-04-2017,541,564.799988,541,550.950012,3225669,RBLBANK
19-04-2017,553.799988,580,552.900024,578.200012,4135028,RBLBANK
20-04-2017,581,584.349976,571.099976,577.400024,1789317,RBLBANK
21-04-2017,580,584.799988,568,570.200012,1646702,RBLBANK
24-04-2017,573.950012,579.900024,563,563.900024,1157791,RBLBANK
25-04-2017,568.599976,573.549988,563.150024,567.849976,1077234,RBLBANK
26-04-2017,570,572,547.549988,550.700012,1910916,RBLBANK
27-04-2017,555,561.799988,550.099976,553.400024,1500528,RBLBANK
28-04-2017,556.849976,568.700012,553.5,564.450012,1471824,RBLBANK
02-05-2017,570,589.900024,570,585.450012,3904539,RBLBANK
03-05-2017,577,600.900024,572.549988,589.150024,5715260,RBLBANK
04-05-2017,591.900024,596,569,571.400024,2111966,RBLBANK
05-05-2017,575,576,560,561.150024,1269894,RBLBANK
08-05-2017,565,565.950012,551.599976,555.400024,1002399,RBLBANK
09-05-2017,557.049988,565.450012,555,559.299988,881861,RBLBANK
10-05-2017,561.900024,565,557.5,561.950012,594485,RBLBANK
11-05-2017,564,569,559.950012,561.400024,993610,RBLBANK
12-05-2017,562.299988,563.5,551.400024,556.549988,706299,RBLBANK
15-05-2017,557.5,564.900024,551.099976,563.900024,888219,RBLBANK
16-05-2017,564.799988,567.700012,559,562.599976,495571,RBLBANK
17-05-2017,563,569.900024,558,564.25,831318,RBLBANK
18-05-2017,559.799988,563,551,552.150024,1050920,RBLBANK
19-05-2017,560.950012,567,551.400024,555.450012,1292735,RBLBANK
22-05-2017,557.5,559.950012,542.599976,544.849976,676006,RBLBANK
23-05-2017,546,547.400024,502.200012,524.5,1588845,RBLBANK
24-05-2017,524.950012,539.700012,518.200012,524.349976,1343057,RBLBANK
25-05-2017,527.799988,549.450012,525.75,545.599976,1052847,RBLBANK
26-05-2017,549.400024,552.5,505.299988,516.549988,7280565,RBLBANK
29-05-2017,519,527.900024,504,508.149994,2977390,RBLBANK
30-05-2017,505.399994,514,495.850006,509.5,1418146,RBLBANK
31-05-2017,511,537.900024,509.899994,527.700012,3068601,RBLBANK
01-06-2017,533,554.25,531,550.099976,3657981,RBLBANK
02-06-2017,552,558,546.049988,550.849976,1634243,RBLBANK
05-06-2017,552.900024,552.900024,540,542.950012,761989,RBLBANK
06-06-2017,543.400024,550.799988,537.5,542.799988,1075850,RBLBANK
07-06-2017,543,552.700012,539.349976,549.450012,1431120,RBLBANK
08-06-2017,551.700012,551.849976,542.099976,544.650024,1553389,RBLBANK
09-06-2017,543,543.700012,533.5,537.599976,1196296,RBLBANK
12-06-2017,536,536.599976,526.299988,527.799988,830261,RBLBANK
13-06-2017,528,533.650024,514.25,516.349976,1508713,RBLBANK
14-06-2017,517,524.700012,512.25,518.099976,1540848,RBLBANK
15-06-2017,518.5,519.150024,510.100006,514,897817,RBLBANK
16-06-2017,514,520.400024,513,515,1156394,RBLBANK
19-06-2017,517.900024,518.599976,507.049988,509.350006,1041585,RBLBANK
20-06-2017,510,515.5,508.450012,509.649994,927004,RBLBANK
21-06-2017,510.899994,517.849976,505,512.200012,1659522,RBLBANK
22-06-2017,514.799988,518,509.850006,511.700012,1500000,RBLBANK
23-06-2017,514,514,501.600006,505.850006,1195150,RBLBANK
27-06-2017,506,511,492.25,508.950012,1651637,RBLBANK
28-06-2017,505.75,512.75,502.850006,505.350006,1064791,RBLBANK
29-06-2017,506.950012,514.650024,500,501.799988,1797714,RBLBANK
30-06-2017,498.5,509,496.25,507.75,1665573,RBLBANK
03-07-2017,507.950012,519.5,503.75,517.700012,1681165,RBLBANK
04-07-2017,518,527.349976,516,521.799988,2341020,RBLBANK
05-07-2017,525.299988,526.900024,520.5,524.25,1352844,RBLBANK
06-07-2017,522,529.400024,521.049988,524.849976,977589,RBLBANK
07-07-2017,512,530,508.399994,527,4378621,RBLBANK
10-07-2017,528.5,551,524,532.599976,259639,RBLBANK
11-07-2017,532.5,537.900024,530,532.049988,895189,RBLBANK
12-07-2017,533,536,529.299988,533.75,616647,RBLBANK
13-07-2017,534,547,533,546.349976,2016844,RBLBANK
14-07-2017,549.75,551.75,538.450012,540.75,1083576,RBLBANK
17-07-2017,542,545,519.75,529.450012,1232430,RBLBANK
18-07-2017,522.599976,526.5,517.349976,521.450012,1388550,RBLBANK
19-07-2017,523.950012,541.299988,522.049988,537.599976,1884008,RBLBANK
20-07-2017,542.5,547,536,539.450012,2053946,RBLBANK
21-07-2017,540,544.5,528,532.349976,2057774,RBLBANK
24-07-2017,531.799988,538.700012,522.5,524.25,865534,RBLBANK
25-07-2017,528,530.75,524.450012,529.099976,680352,RBLBANK
26-07-2017,530,530.5,525.049988,528.299988,781054,RBLBANK
27-07-2017,529.599976,544,517.849976,538.200012,3193974,RBLBANK
28-07-2017,533,539.799988,528,534.450012,723003,RBLBANK
31-07-2017,533,538.5,528,534.75,830068,RBLBANK
01-08-2017,537.849976,539.5,527,530.450012,1033386,RBLBANK
02-08-2017,531.950012,535.75,526.349976,527.400024,1033249,RBLBANK
03-08-2017,526.549988,531.200012,515,517.349976,914352,RBLBANK
04-08-2017,519,519,508.5,515.049988,1116067,RBLBANK
07-08-2017,518.700012,523.349976,517,519.450012,582059,RBLBANK
08-08-2017,521.849976,522,506.200012,511.799988,954207,RBLBANK
09-08-2017,512.400024,512.400024,493.200012,497.200012,1320783,RBLBANK
10-08-2017,499.700012,505,482.350006,490.350006,1507305,RBLBANK
11-08-2017,477,498.950012,474.950012,490.299988,1164361,RBLBANK
14-08-2017,492.799988,501.899994,490.600006,497.75,673664,RBLBANK
16-08-2017,499.049988,526.700012,499,523.900024,1816633,RBLBANK
17-08-2017,526,527,513.700012,516.950012,1199659,RBLBANK
18-08-2017,514.799988,529.5,506,527.25,2050151,RBLBANK
21-08-2017,528.950012,529.799988,503.5,506.799988,1252384,RBLBANK
22-08-2017,508.799988,513.700012,500,501.649994,1007123,RBLBANK
23-08-2017,506,512.849976,504,509.149994,609202,RBLBANK
24-08-2017,508.450012,514.799988,506.350006,510.200012,786616,RBLBANK
28-08-2017,513,519.400024,507.399994,511,1302075,RBLBANK
29-08-2017,506,541.5,506,531.549988,12629633,RBLBANK
30-08-2017,537.5,542.5,528.799988,537.549988,5238763,RBLBANK
31-08-2017,538,546.799988,532.549988,544.599976,5131679,RBLBANK
01-09-2017,544,548.5,531.950012,535.349976,2021850,RBLBANK
04-09-2017,535.599976,539.700012,525.25,534.049988,1234312,RBLBANK
05-09-2017,536.849976,543.5,535.099976,537.349976,1103951,RBLBANK
06-09-2017,533.349976,542.950012,533,539.599976,1818960,RBLBANK
07-09-2017,542,542.900024,529.75,533.150024,1958539,RBLBANK
08-09-2017,535,539,531.700012,537,1036368,RBLBANK
11-09-2017,539,543.400024,532.950012,535.75,1777508,RBLBANK
12-09-2017,537,541.700012,536,539.900024,1150877,RBLBANK
13-09-2017,540,544.400024,530.599976,534,1696380,RBLBANK
14-09-2017,535.5,539.400024,530.549988,531.700012,951570,RBLBANK
15-09-2017,530,534.700012,525.150024,532,1309136,RBLBANK
18-09-2017,532.75,540.25,532.75,537.450012,897683,RBLBANK
19-09-2017,537.5,539,534,535.099976,407337,RBLBANK
20-09-2017,535,536.799988,529,530.849976,614057,RBLBANK
21-09-2017,530.099976,535.5,523.450012,533.200012,1276036,RBLBANK
22-09-2017,531.950012,531.950012,515.25,517.150024,1040179,RBLBANK
25-09-2017,510.25,517.5,497,511.649994,1403714,RBLBANK
26-09-2017,516.950012,517,505.350006,510.25,894886,RBLBANK
27-09-2017,517.599976,517.599976,498.75,500.899994,1335998,RBLBANK
28-09-2017,503.100006,511.899994,496.649994,503.450012,2160072,RBLBANK
29-09-2017,503.5,510,503.5,506.950012,1130974,RBLBANK
03-10-2017,510.100006,513.299988,509,510.049988,966414,RBLBANK
04-10-2017,512,513.5,509,509.899994,922644,RBLBANK
05-10-2017,512.849976,516.049988,510.649994,512.650024,1056380,RBLBANK
06-10-2017,513,517.799988,512.549988,516,1118205,RBLBANK
09-10-2017,517,520.25,514,518.150024,668469,RBLBANK
10-10-2017,519.849976,520.5,515.150024,516.549988,707404,RBLBANK
11-10-2017,516.650024,521.099976,508,509,1451859,RBLBANK
12-10-2017,511.899994,519,508.5,516.549988,1046834,RBLBANK
13-10-2017,517.299988,524.849976,515.099976,517.5,1119886,RBLBANK
16-10-2017,520.950012,523,518.299988,521.200012,915908,RBLBANK
17-10-2017,524.400024,524.400024,519.75,521.849976,1367033,RBLBANK
18-10-2017,521.25,526.75,516,522.25,1485776,RBLBANK
19-10-2017,526,526.5,517.099976,521,354170,RBLBANK
23-10-2017,523.650024,531.900024,521.650024,527.549988,1429682,RBLBANK
24-10-2017,529,538.5,525.5,536.150024,1815137,RBLBANK
25-10-2017,541.900024,552,516.650024,524.400024,2290747,RBLBANK
26-10-2017,531.799988,544.450012,521.849976,530.549988,4143408,RBLBANK
27-10-2017,535,535.5,520.5,524.349976,1645562,RBLBANK
30-10-2017,524.799988,532.5,521.200012,525.049988,1529946,RBLBANK
31-10-2017,525.950012,528.549988,522.799988,525.400024,669354,RBLBANK
01-11-2017,527,530.200012,525.099976,526.099976,686031,RBLBANK
02-11-2017,526.099976,528.150024,522.549988,523.150024,519923,RBLBANK
03-11-2017,524,526,518.5,519.75,1424357,RBLBANK
06-11-2017,517,528.700012,515.5,518.25,809343,RBLBANK
07-11-2017,518.099976,521.400024,513,515.150024,604596,RBLBANK
08-11-2017,515,518.5,506.200012,508.350006,826297,RBLBANK
09-11-2017,510.649994,514.400024,508.950012,510.549988,787524,RBLBANK
10-11-2017,509,515,506.649994,509.75,617884,RBLBANK
13-11-2017,509.950012,516,508.649994,510.049988,529051,RBLBANK
14-11-2017,510.100006,514.299988,508.399994,510.149994,390425,RBLBANK
15-11-2017,510.149994,512,504.200012,507.299988,765441,RBLBANK
16-11-2017,509,510.950012,505.299988,507.649994,549142,RBLBANK
17-11-2017,512,517,509.700012,511.25,703589,RBLBANK
20-11-2017,513.950012,516.799988,512.549988,514.900024,653670,RBLBANK
21-11-2017,515.200012,515.5,510.100006,511.950012,498428,RBLBANK
22-11-2017,513.950012,514.450012,505.100006,506.850006,620068,RBLBANK
23-11-2017,508,511.899994,504.549988,507.899994,818649,RBLBANK
24-11-2017,513.200012,525.900024,510.549988,512.599976,2705419,RBLBANK
27-11-2017,513.450012,518.900024,508.399994,515.099976,851241,RBLBANK
28-11-2017,515.75,523.299988,514.650024,521.400024,1072359,RBLBANK
29-11-2017,523,525.900024,518.599976,521.049988,1269659,RBLBANK
30-11-2017,518,523,513.950012,516.75,1293861,RBLBANK
01-12-2017,518.700012,529.75,517.5,520.650024,1754302,RBLBANK
04-12-2017,520.700012,522.650024,507,511.600006,809405,RBLBANK
05-12-2017,511.600006,512.150024,505.299988,510.450012,550003,RBLBANK
06-12-2017,509.100006,513.400024,506.700012,509.649994,700531,RBLBANK
07-12-2017,508.5,515,508.5,510.799988,608800,RBLBANK
08-12-2017,512,516.700012,511.649994,513.950012,373586,RBLBANK
11-12-2017,515,518.700012,512,514.049988,597996,RBLBANK
12-12-2017,515,515.200012,508,510.399994,623576,RBLBANK
13-12-2017,510,511.899994,506.299988,508.5,2073910,RBLBANK
14-12-2017,511,511,501.5,508.25,1128295,RBLBANK
15-12-2017,512,513,508.75,509.700012,872437,RBLBANK
18-12-2017,509.5,511.899994,497.75,507,935339,RBLBANK
19-12-2017,509.950012,519.349976,508.200012,517.450012,2306811,RBLBANK
20-12-2017,520,523.75,514.299988,516.299988,737003,RBLBANK
21-12-2017,515.150024,519.849976,512.599976,515.799988,596680,RBLBANK
22-12-2017,517,518.5,511.299988,515.400024,678570,RBLBANK
26-12-2017,514,520,513,517.099976,606345,RBLBANK
27-12-2017,519.400024,519.400024,510,513.849976,417580,RBLBANK
28-12-2017,510.5,514.75,506,507.399994,525011,RBLBANK
29-12-2017,508.850006,511.100006,507.850006,510.100006,378997,RBLBANK
01-01-2018,510,513.799988,508.950012,510,469078,RBLBANK
02-01-2018,510.899994,513.400024,508.149994,511.649994,616196,RBLBANK
03-01-2018,513.400024,516.799988,509,514.900024,1510019,RBLBANK
04-01-2018,519.849976,519.849976,510.700012,517.400024,845849,RBLBANK
05-01-2018,519,542,515.549988,539.700012,4365631,RBLBANK
08-01-2018,543.950012,550,540.25,545.450012,1731320,RBLBANK
09-01-2018,546.799988,547.099976,533.599976,538.900024,826546,RBLBANK
10-01-2018,538.700012,540.200012,527.599976,529.5,1222398,RBLBANK
11-01-2018,529.099976,542.400024,529.049988,533.599976,1990560,RBLBANK
12-01-2018,536.799988,539.349976,526.349976,530.75,831501,RBLBANK
15-01-2018,529.549988,537.25,529.549988,530.599976,604395,RBLBANK
16-01-2018,530,532.299988,518.200012,522.700012,795236,RBLBANK
17-01-2018,524,530.900024,520,525.5,593309,RBLBANK
18-01-2018,537.400024,540,522.900024,526.299988,1011562,RBLBANK
19-01-2018,528.5,534.75,518.700012,523.299988,1237585,RBLBANK
22-01-2018,526,531.900024,521.650024,530.650024,644170,RBLBANK
23-01-2018,534.950012,543.900024,532.099976,536.700012,2687655,RBLBANK
24-01-2018,535,536,500.149994,514.200012,2983717,RBLBANK
25-01-2018,513.5,518,508.950012,510.399994,1114257,RBLBANK
29-01-2018,513.450012,514.150024,502.899994,504.850006,753974,RBLBANK
30-01-2018,502.25,508,496.100006,504.549988,1284248,RBLBANK
31-01-2018,500.450012,505.299988,499.149994,503.5,713984,RBLBANK
01-02-2018,505.5,511.5,492.450012,504.600006,1062229,RBLBANK
02-02-2018,500,500,479,482.75,1515876,RBLBANK
05-02-2018,480,488.899994,452.549988,485.200012,1331382,RBLBANK
06-02-2018,461,478.899994,455,474.600006,1797966,RBLBANK
07-02-2018,481,487.799988,470,480.75,1598663,RBLBANK
08-02-2018,480.75,492.350006,476.049988,484.899994,1152396,RBLBANK
09-02-2018,476.450012,485.450012,469.549988,482.350006,1028174,RBLBANK
12-02-2018,485,489.700012,480,484.799988,956276,RBLBANK
14-02-2018,492,492,482.399994,483.649994,946063,RBLBANK
15-02-2018,484.450012,485.5,476,480.799988,902127,RBLBANK
16-02-2018,481.100006,486.100006,473.600006,476.450012,909124,RBLBANK
19-02-2018,476.5,478.5,470.049988,473.850006,533683,RBLBANK
20-02-2018,472,477.600006,470.5,471.649994,403703,RBLBANK
21-02-2018,473,474.5,460.549988,470.850006,821992,RBLBANK
22-02-2018,470.399994,474.350006,467.149994,469.850006,713039,RBLBANK
23-02-2018,471.399994,490,471.399994,488,712961,RBLBANK
26-02-2018,490.049988,497.850006,481.950012,494.700012,823736,RBLBANK
27-02-2018,495,496.799988,486,490.299988,637796,RBLBANK
28-02-2018,485,493.149994,483.5,490.200012,666710,RBLBANK
01-03-2018,492,495,483.5,485.049988,513447,RBLBANK
05-03-2018,485.049988,488,475.100006,477.25,1343382,RBLBANK
06-03-2018,482,483.649994,468,470,533420,RBLBANK
07-03-2018,470,470,452.049988,453.700012,1280681,RBLBANK
08-03-2018,458,458,443.299988,455.450012,1434046,RBLBANK
09-03-2018,457.700012,462.850006,453.25,456.299988,556573,RBLBANK
12-03-2018,461,468.799988,455.350006,466.600006,819085,RBLBANK
13-03-2018,465.899994,475.950012,462.5,467.5,2994206,RBLBANK
14-03-2018,466,475,462,472.100006,2944991,RBLBANK
15-03-2018,471.299988,478.899994,471.299988,476.350006,1085239,RBLBANK
16-03-2018,475.950012,479.950012,466.149994,468.350006,422240,RBLBANK
19-03-2018,468,471.75,460,463.100006,784079,RBLBANK
20-03-2018,461.049988,469,461.049988,465.100006,902018,RBLBANK
21-03-2018,469.350006,470.149994,461.299988,462.100006,754688,RBLBANK
22-03-2018,463,467,459.049988,462.700012,751828,RBLBANK
23-03-2018,450,464.75,450,461.600006,936292,RBLBANK
26-03-2018,461,467,456.649994,465.049988,696905,RBLBANK
27-03-2018,467.799988,488.799988,467.799988,477.200012,1464457,RBLBANK
28-03-2018,476.899994,490,466.149994,479.850006,2361632,RBLBANK
02-04-2018,479.850006,487.5,475,484.649994,1791136,RBLBANK
03-04-2018,480.600006,487,479.899994,484.75,579155,RBLBANK
04-04-2018,486.450012,499.950012,486,489.149994,1491424,RBLBANK
05-04-2018,498.799988,498.799988,492,496.5,1257116,RBLBANK
06-04-2018,496.5,502.450012,493.049988,494.100006,554890,RBLBANK
09-04-2018,495.25,503,492.799988,496.049988,1255675,RBLBANK
10-04-2018,496.5,502.850006,494.350006,501,1584810,RBLBANK
11-04-2018,505,510,500.549988,505.049988,955560,RBLBANK
12-04-2018,505.399994,506.850006,498.049988,499.950012,425131,RBLBANK
13-04-2018,505,505,496.899994,501.399994,761212,RBLBANK
16-04-2018,498.950012,512.25,498.75,510,549654,RBLBANK
17-04-2018,514.900024,515.200012,508.5,512.650024,454736,RBLBANK
18-04-2018,513,514.849976,506.149994,510.049988,311527,RBLBANK
19-04-2018,512,512.5,507.5,508.899994,482877,RBLBANK
20-04-2018,508,509.299988,501,507.350006,304662,RBLBANK
23-04-2018,508,510.5,501.100006,502.450012,556274,RBLBANK
24-04-2018,502.950012,513,502.950012,511.649994,822689,RBLBANK
25-04-2018,511.100006,524.75,508.799988,521.099976,1444717,RBLBANK
26-04-2018,522.900024,524,514.75,520.349976,1091594,RBLBANK
27-04-2018,526.299988,545,526.299988,537.650024,3687851,RBLBANK
30-04-2018,541,541.799988,525.900024,530.549988,3428458,RBLBANK
02-05-2018,529.799988,529.799988,513.200012,518.349976,1594732,RBLBANK
03-05-2018,516.700012,526,509,520.549988,1645682,RBLBANK
04-05-2018,521,528.799988,520.099976,523.549988,852654,RBLBANK
07-05-2018,524.950012,527.650024,514.099976,524.150024,1155587,RBLBANK
08-05-2018,523.950012,523.950012,514.549988,519.150024,1267882,RBLBANK
09-05-2018,518,519.5,514,515.099976,403382,RBLBANK
10-05-2018,514,523.450012,514,519.299988,747441,RBLBANK
11-05-2018,519.5,521.400024,516,518.400024,471362,RBLBANK
14-05-2018,519.849976,519.849976,511.299988,515.450012,268295,RBLBANK
15-05-2018,511.350006,519.650024,511,512.650024,1162430,RBLBANK
16-05-2018,510,518.299988,507.100006,513.799988,370021,RBLBANK
17-05-2018,513,516.400024,509.100006,513.549988,402958,RBLBANK
18-05-2018,511.100006,513.400024,502.149994,508.5,410019,RBLBANK
21-05-2018,505.549988,508.899994,493.600006,498.200012,869992,RBLBANK
22-05-2018,497.75,505.899994,495,500.950012,446437,RBLBANK
23-05-2018,498,503.799988,495.600006,499.450012,352703,RBLBANK
24-05-2018,503.5,503.5,492.299988,495.450012,268491,RBLBANK
25-05-2018,495.450012,516.5,493.899994,515.049988,791707,RBLBANK
28-05-2018,515.900024,525,513.900024,521.900024,564563,RBLBANK
29-05-2018,525,528.849976,521.599976,527.450012,912425,RBLBANK
30-05-2018,524.150024,525.200012,515.25,521.799988,727084,RBLBANK
31-05-2018,518.650024,521.099976,508.850006,515.900024,1105731,RBLBANK
01-06-2018,514.650024,514.950012,506.100006,507.549988,727533,RBLBANK
04-06-2018,507,513.75,502,507.700012,467987,RBLBANK
05-06-2018,510,519,508.5,513.400024,1525303,RBLBANK
06-06-2018,511.899994,521.200012,509.450012,519.049988,951886,RBLBANK
07-06-2018,521,530.5,518.450012,526.299988,1028703,RBLBANK
08-06-2018,527.299988,536.299988,521.5,532.799988,1497960,RBLBANK
11-06-2018,536.049988,548.900024,533.150024,541.299988,2707805,RBLBANK
12-06-2018,542.849976,549,535.900024,548.150024,1375950,RBLBANK
13-06-2018,549.950012,570,549.900024,557.650024,3879174,RBLBANK
14-06-2018,556.950012,564.400024,553.25,558.799988,1325183,RBLBANK
15-06-2018,558.700012,564.950012,557.799988,559.75,1233383,RBLBANK
18-06-2018,560,561.599976,549.5,551.599976,671194,RBLBANK
19-06-2018,549,550.450012,540.099976,542.049988,547022,RBLBANK
20-06-2018,540.099976,549.799988,540.099976,544.450012,627524,RBLBANK
21-06-2018,543,554.349976,537.099976,538.950012,1155509,RBLBANK
22-06-2018,540.150024,555.400024,534.150024,554,1018849,RBLBANK
25-06-2018,552.849976,567,551.400024,558.849976,1858906,RBLBANK
26-06-2018,557.099976,564.75,555.049988,559.599976,1133449,RBLBANK
27-06-2018,560,571.799988,539.099976,544.299988,5286321,RBLBANK
28-06-2018,547.950012,549.900024,537.299988,542.150024,1702139,RBLBANK
29-06-2018,542.650024,554.900024,542.650024,552.049988,1217218,RBLBANK
02-07-2018,555.700012,556,546,550.650024,727363,RBLBANK
03-07-2018,549.400024,567.849976,548.75,564.950012,1215241,RBLBANK
04-07-2018,566.349976,576,563.25,570.25,2266725,RBLBANK
05-07-2018,572.900024,574.5,561,564.450012,1172941,RBLBANK
06-07-2018,562,568.799988,560.950012,563.049988,699437,RBLBANK
09-07-2018,567.799988,581.799988,565.549988,579.200012,1730058,RBLBANK
10-07-2018,584.950012,590.5,575.25,579.900024,3476982,RBLBANK
11-07-2018,580.75,585.700012,575.5,579.450012,871161,RBLBANK
12-07-2018,583,588.849976,572.599976,575.700012,1205975,RBLBANK
13-07-2018,577.849976,579.349976,566.299988,570.599976,558514,RBLBANK
16-07-2018,571.5,572.25,548.5,550.200012,1039749,RBLBANK
17-07-2018,553.5,565.900024,551.049988,562.099976,4327245,RBLBANK
18-07-2018,567.799988,569,547.299988,565.049988,2676096,RBLBANK
19-07-2018,567.900024,568.400024,547,557.400024,7197198,RBLBANK
20-07-2018,558,585,557,577.799988,4535513,RBLBANK
23-07-2018,580.799988,583.700012,565.75,569.799988,1274978,RBLBANK
24-07-2018,571.799988,576.549988,566.450012,569.75,1395119,RBLBANK
25-07-2018,571,578.900024,569.25,569.950012,1545252,RBLBANK
26-07-2018,570,574.200012,565.099976,567.25,1915920,RBLBANK
27-07-2018,569.849976,573,565,570.049988,843524,RBLBANK
30-07-2018,568.400024,569.900024,560,562.75,487148,RBLBANK
31-07-2018,562.700012,574.25,560.349976,572.900024,1152938,RBLBANK
01-08-2018,574.950012,575.650024,565.5,568.950012,643703,RBLBANK
02-08-2018,567.900024,576.5,556.099976,568.700012,995670,RBLBANK
03-08-2018,571.049988,574.900024,567,567.799988,779169,RBLBANK
06-08-2018,571,572.099976,563.049988,565.5,860361,RBLBANK
07-08-2018,565.200012,570.25,562.349976,565.099976,612134,RBLBANK
08-08-2018,565,572.400024,564,571.549988,926377,RBLBANK
09-08-2018,574.900024,582.200012,561.599976,567.400024,2499504,RBLBANK
10-08-2018,569.400024,575.200012,566.049988,568.75,984756,RBLBANK
13-08-2018,560,568.25,560,562.25,456781,RBLBANK
14-08-2018,562.599976,565.700012,560,564.150024,548701,RBLBANK
16-08-2018,561,579.799988,561,571.25,1802923,RBLBANK
17-08-2018,574.700012,578.799988,571.299988,573.450012,1010312,RBLBANK
20-08-2018,581,593,574,591.299988,2985648,RBLBANK
21-08-2018,595,603.849976,594.200012,596.599976,3884090,RBLBANK
23-08-2018,597.900024,598.5,590.5,595.099976,1135035,RBLBANK
24-08-2018,593.700012,612.799988,592.700012,609.700012,3266786,RBLBANK
27-08-2018,617.900024,638.700012,613.150024,636.799988,5991583,RBLBANK
28-08-2018,639.950012,640.450012,626.150024,634.349976,1776671,RBLBANK
29-08-2018,631.900024,651.950012,630,639.900024,3063073,RBLBANK
30-08-2018,640,642,623,626.900024,1683517,RBLBANK
31-08-2018,627,633.700012,620.5,627.25,948373,RBLBANK
03-09-2018,630.099976,643.5,622,623.900024,1532438,RBLBANK
04-09-2018,623.099976,627.299988,601.5,608,1608895,RBLBANK
05-09-2018,605.099976,610.950012,586.200012,593.549988,1533562,RBLBANK
06-09-2018,598,600,578.650024,591.549988,1766611,RBLBANK
07-09-2018,593.799988,611.799988,588,609.75,1571506,RBLBANK
10-09-2018,607.799988,617,587.5,599.25,2369403,RBLBANK
11-09-2018,605.200012,611.900024,597.700012,602.900024,1810187,RBLBANK
12-09-2018,605.700012,608,589.799988,598.450012,1625231,RBLBANK
14-09-2018,604,612.799988,598.5,611.25,1173043,RBLBANK
17-09-2018,610.5,610.5,595,596.650024,783421,RBLBANK
18-09-2018,596.900024,606.900024,595.049988,596.200012,914926,RBLBANK
19-09-2018,599.700012,602.25,587.549988,589.650024,780356,RBLBANK
21-09-2018,593.150024,601,539.299988,564.599976,2077298,RBLBANK
24-09-2018,560.200012,564,527.200012,531.349976,2440295,RBLBANK
25-09-2018,528,537.799988,509.25,521.200012,2793090,RBLBANK
26-09-2018,528.400024,538.400024,519.049988,536.25,1415243,RBLBANK
27-09-2018,538.950012,541.950012,520.599976,523.200012,1580799,RBLBANK
28-09-2018,526.900024,530.599976,504.350006,511.899994,1547374,RBLBANK
01-10-2018,495,532.900024,491,524.900024,2979461,RBLBANK
03-10-2018,526,538.400024,519.200012,526.150024,1524905,RBLBANK
04-10-2018,516.400024,521.150024,506,508.850006,1341158,RBLBANK
05-10-2018,510,516.299988,485,490.25,1915931,RBLBANK
08-10-2018,490.25,503,483.200012,495.100006,1347259,RBLBANK
09-10-2018,499,505,495.100006,499.75,1089914,RBLBANK
10-10-2018,504,538.5,499.049988,534.700012,2063805,RBLBANK
11-10-2018,515,534.900024,507.100006,519.650024,1544696,RBLBANK
12-10-2018,527.700012,549.799988,525,526.849976,1493753,RBLBANK
15-10-2018,527.799988,533.5,518.099976,527.150024,918034,RBLBANK
16-10-2018,529.950012,543.950012,525.650024,538.700012,1348412,RBLBANK
17-10-2018,542.400024,551,532.150024,537.900024,1710098,RBLBANK
19-10-2018,530,539.799988,500.5,506.100006,1570109,RBLBANK
22-10-2018,508,510,459.75,469.25,6442087,RBLBANK
23-10-2018,465,483.5,438.200012,464.899994,9215694,RBLBANK
24-10-2018,478.399994,495.950012,473.049988,493.25,3990958,RBLBANK
25-10-2018,486.700012,498.5,483.049988,493.799988,3212247,RBLBANK
26-10-2018,500,507.299988,486.299988,498.899994,2373225,RBLBANK
29-10-2018,493,518.5,490.549988,516.849976,1568388,RBLBANK
30-10-2018,519,537.400024,516.900024,526.450012,2384629,RBLBANK
31-10-2018,526.400024,537.75,521,524.5,1207952,RBLBANK
01-11-2018,525,534.299988,521,523.25,1416021,RBLBANK
02-11-2018,529,534,519.25,522.299988,1721770,RBLBANK
05-11-2018,522.5,535.5,517.900024,533.150024,1069064,RBLBANK
06-11-2018,535.799988,543.950012,533.599976,538.400024,1595009,RBLBANK
07-11-2018,542.900024,543,538.150024,540.099976,171237,RBLBANK
09-11-2018,539,556.25,537.75,551.650024,1421596,RBLBANK
12-11-2018,557.049988,559.700012,530.599976,546.599976,2276238,RBLBANK
13-11-2018,545,561.599976,538.099976,554.349976,1751191,RBLBANK
14-11-2018,555.849976,556.849976,542.799988,548.700012,2252778,RBLBANK
15-11-2018,547.049988,555,541.650024,551.150024,1695874,RBLBANK
16-11-2018,548.150024,561.900024,548.150024,559.25,1592422,RBLBANK
19-11-2018,560.849976,563.950012,552.549988,556.450012,892097,RBLBANK
20-11-2018,553.700012,563.5,552.099976,555.950012,1002590,RBLBANK
21-11-2018,554,561.950012,548.849976,554.049988,1008146,RBLBANK
22-11-2018,555.349976,563.950012,555,558.549988,978350,RBLBANK
26-11-2018,555.650024,569,552.849976,558.349976,1552045,RBLBANK
27-11-2018,559.5,577.450012,559.5,574.799988,1975953,RBLBANK
28-11-2018,569.099976,570.950012,540,543.299988,2155403,RBLBANK
29-11-2018,545,551.200012,524.200012,545.349976,2860251,RBLBANK
30-11-2018,545.700012,564.400024,535.599976,548.400024,3869279,RBLBANK
03-12-2018,558.700012,562,552.799988,556.200012,920819,RBLBANK
04-12-2018,555,559.700012,553,556.200012,751940,RBLBANK
05-12-2018,549.950012,561,549.5,559.049988,1197565,RBLBANK
06-12-2018,555,561.900024,547.200012,550,1455898,RBLBANK
07-12-2018,553.900024,558,539.349976,548.25,977478,RBLBANK
10-12-2018,538,554.950012,538,548,1065322,RBLBANK
11-12-2018,538,560.700012,536.200012,558.950012,821559,RBLBANK
12-12-2018,559.900024,577.5,557.400024,574.349976,1849893,RBLBANK
13-12-2018,579,587.450012,567.5,581.599976,2423750,RBLBANK
14-12-2018,579.799988,590.5,571,577.799988,1426838,RBLBANK
17-12-2018,580,587,573.950012,578.950012,1098313,RBLBANK
18-12-2018,578,580.200012,570.099976,577.549988,1028557,RBLBANK
19-12-2018,578,584,573.75,581.900024,939076,RBLBANK
20-12-2018,578.650024,586.900024,576.099976,578.75,917842,RBLBANK
21-12-2018,578.75,582.5,562,563.650024,701013,RBLBANK
24-12-2018,563,567.700012,556.700012,561.200012,474576,RBLBANK
26-12-2018,556.5,566.400024,548.849976,558.900024,745347,RBLBANK
27-12-2018,563.900024,580,559.200012,576.900024,2250025,RBLBANK
28-12-2018,579.099976,581.650024,574,580.450012,1158664,RBLBANK
31-12-2018,581,587,574.099976,575.599976,791051,RBLBANK
01-01-2019,578.700012,578.950012,571.450012,577.099976,302522,RBLBANK
02-01-2019,577.099976,581.900024,564.25,565.200012,756154,RBLBANK
03-01-2019,569.400024,573.450012,561,562.099976,458259,RBLBANK
04-01-2019,562.099976,575.650024,562.099976,571.650024,880714,RBLBANK
07-01-2019,576.200012,578.900024,567.549988,574.150024,1167752,RBLBANK
08-01-2019,574,575.900024,551.900024,565,944170,RBLBANK
09-01-2019,569.599976,581.75,566.900024,577.099976,1206091,RBLBANK
10-01-2019,580,584,570.25,579.25,787468,RBLBANK
11-01-2019,577.5,583,570.5,575.75,505821,RBLBANK
14-01-2019,571.549988,578.900024,569.099976,576.200012,545568,RBLBANK
15-01-2019,576,581.200012,573.299988,579.25,485032,RBLBANK
16-01-2019,574.200012,580.599976,571.549988,574.25,534422,RBLBANK
17-01-2019,573.400024,574,566.099976,569.950012,578654,RBLBANK
18-01-2019,569.099976,571.900024,560.5,569.650024,625098,RBLBANK
21-01-2019,571,581,569.150024,579.900024,757942,RBLBANK
22-01-2019,582.849976,588.950012,571.25,575.099976,1618877,RBLBANK
23-01-2019,578.25,584,575.700012,578.5,745315,RBLBANK
24-01-2019,580,582.849976,572.5,578.150024,423909,RBLBANK
25-01-2019,581.799988,583.599976,571.200012,573.650024,955137,RBLBANK
28-01-2019,574.849976,575.799988,552.349976,563.150024,2517674,RBLBANK
29-01-2019,560,560.950012,542,550.5,2575635,RBLBANK
30-01-2019,552,565,551.25,563,1164482,RBLBANK
31-01-2019,565,573.75,555.549988,568.650024,1330990,RBLBANK
01-02-2019,568.900024,580.950012,566.450012,577.200012,642726,RBLBANK
04-02-2019,579.450012,600,573.5,594.5,2096586,RBLBANK
05-02-2019,600,607.450012,582.950012,585.599976,2851206,RBLBANK
06-02-2019,584.150024,589.75,578.799988,584.150024,859597,RBLBANK
07-02-2019,584.5,594.799988,577.950012,580.099976,1970033,RBLBANK
08-02-2019,579.700012,585.049988,570.700012,572.849976,1218281,RBLBANK
11-02-2019,573.099976,575.950012,559.75,564.599976,1090830,RBLBANK
12-02-2019,564.5,571.849976,560.200012,563.5,943928,RBLBANK
14-02-2019,558.950012,558.950012,545.5,551.450012,1157745,RBLBANK
15-02-2019,551,556.75,543.450012,548.549988,878754,RBLBANK
18-02-2019,549,557,545.5,548.299988,912427,RBLBANK
19-02-2019,545,554.5,544,546.650024,614103,RBLBANK
20-02-2019,550,556.299988,546.650024,554.75,759871,RBLBANK
21-02-2019,556.5,561.849976,550.549988,559.5,1325462,RBLBANK
22-02-2019,558.799988,565.849976,558.799988,563.849976,1247101,RBLBANK
25-02-2019,563.900024,578.5,557.299988,574.299988,1189374,RBLBANK
26-02-2019,567,578.799988,560.599976,576,996819,RBLBANK
27-02-2019,577.150024,588,568.950012,571.75,1543374,RBLBANK
28-02-2019,572,581,571.549988,577.849976,1230096,RBLBANK
01-03-2019,580,597.700012,578.099976,595.799988,1527384,RBLBANK
05-03-2019,595,611,592.400024,609.450012,2592636,RBLBANK
06-03-2019,614.349976,628.900024,612,627.5,3806078,RBLBANK
07-03-2019,628.849976,632.400024,617.450012,622.450012,3413214,RBLBANK
08-03-2019,620,641.950012,618,638.099976,3784443,RBLBANK
11-03-2019,642.400024,658.900024,634.099976,642.900024,6114207,RBLBANK
12-03-2019,638.299988,642.549988,630.549988,633.25,3855895,RBLBANK
13-03-2019,634.75,640,623.299988,627.25,2025239,RBLBANK
14-03-2019,631,644.799988,624,636.900024,3522703,RBLBANK
15-03-2019,642,653.950012,640.25,648.150024,20765318,RBLBANK
18-03-2019,648,656.200012,634,636.450012,1800319,RBLBANK
19-03-2019,638.700012,650.200012,635.599976,648.299988,1347013,RBLBANK
20-03-2019,646.950012,648,636,644.75,1467224,RBLBANK
22-03-2019,644.900024,661.5,633.450012,636.299988,2431895,RBLBANK
25-03-2019,629,640.200012,627,637.349976,748182,RBLBANK
26-03-2019,635,655.75,635,654.200012,2038545,RBLBANK
27-03-2019,660.950012,678.599976,656,668.5,4903592,RBLBANK
28-03-2019,671.950012,687.349976,670.349976,684.299988,4373710,RBLBANK
01-04-2019,681.950012,690.25,676.549988,679.799988,1113679,RBLBANK
02-04-2019,679.5,682.900024,669.150024,678.75,934378,RBLBANK
03-04-2019,683,683.099976,660.099976,663.049988,740526,RBLBANK
04-04-2019,660,662.950012,646.549988,649.25,1599956,RBLBANK
05-04-2019,650.5,673.799988,650.5,671.049988,1408867,RBLBANK
08-04-2019,675.200012,675.400024,651.849976,655.950012,971015,RBLBANK
09-04-2019,657,669.349976,651.700012,668.099976,905333,RBLBANK
10-04-2019,667.900024,679.200012,665.099976,674.049988,917932,RBLBANK
11-04-2019,673.799988,674.700012,658.849976,664.599976,779214,RBLBANK
12-04-2019,665,673.849976,665,667.349976,487732,RBLBANK
15-04-2019,670.700012,674.450012,666,668.799988,470345,RBLBANK
16-04-2019,670,682.299988,668.400024,680.299988,1021695,RBLBANK
18-04-2019,684.200012,686.450012,668.099976,675.450012,3414687,RBLBANK
22-04-2019,676.950012,682.900024,663.150024,681.099976,1681191,RBLBANK
23-04-2019,681,686.900024,670.900024,673.349976,1683991,RBLBANK
24-04-2019,677.700012,679.349976,667.700012,672.75,1305166,RBLBANK
25-04-2019,671.5,674.599976,664.400024,665.950012,1051963,RBLBANK
26-04-2019,671.200012,671.549988,660,669.900024,835728,RBLBANK
30-04-2019,670,681.900024,664.200012,678.849976,1337000,RBLBANK
02-05-2019,678.75,685.200012,661.049988,662.450012,1360050,RBLBANK
03-05-2019,665.299988,674,663,672.200012,1294837,RBLBANK
06-05-2019,666,670.5,660.549988,664.049988,889968,RBLBANK
07-05-2019,668,676.5,661.799988,665.950012,897661,RBLBANK
08-05-2019,665.799988,667.599976,650.549988,652.799988,971817,RBLBANK
09-05-2019,649.299988,664.200012,648.299988,661.849976,887749,RBLBANK
10-05-2019,660,676.900024,659,675,911404,RBLBANK
13-05-2019,675.299988,677.849976,657.099976,659.5,753274,RBLBANK
14-05-2019,659,659.349976,633.049988,651.200012,2811150,RBLBANK
15-05-2019,649.400024,662,644.200012,652.25,868431,RBLBANK
16-05-2019,649.400024,649.400024,625.25,632.900024,2245220,RBLBANK
17-05-2019,634.799988,659.900024,631.349976,655.75,2710158,RBLBANK
20-05-2019,674,687.849976,672,680.25,2278726,RBLBANK
21-05-2019,685,688.849976,664.799988,669.900024,1396232,RBLBANK
22-05-2019,669.950012,674.900024,662,666.849976,520824,RBLBANK
23-05-2019,675,686.5,670.099976,674.049988,2189867,RBLBANK
24-05-2019,676.799988,680,660,667.5,1471296,RBLBANK
27-05-2019,669.700012,701.400024,667.599976,698.299988,3857944,RBLBANK
28-05-2019,703.900024,716.400024,692.25,701.450012,5037597,RBLBANK
29-05-2019,702.5,704.700012,684.599976,686.049988,1268838,RBLBANK
30-05-2019,687,697,682.400024,692.299988,2045024,RBLBANK
31-05-2019,695,702.700012,680.349976,687.349976,1381840,RBLBANK
03-06-2019,685.400024,697.049988,683.400024,695.599976,822894,RBLBANK
04-06-2019,693.950012,705.900024,689.200012,691.25,1715553,RBLBANK
06-06-2019,695.099976,697.099976,664,667.099976,1859180,RBLBANK
07-06-2019,669.700012,676.450012,662.5,668.549988,736232,RBLBANK
10-06-2019,675,679.450012,659,669.650024,1095860,RBLBANK
11-06-2019,672.450012,674.349976,668.049988,669.450012,559398,RBLBANK
12-06-2019,667.849976,667.849976,657,658.599976,687497,RBLBANK
13-06-2019,655,657.450012,632,639.150024,1946925,RBLBANK
14-06-2019,640.950012,640.950012,623.549988,625.900024,1369147,RBLBANK
17-06-2019,625.599976,626.150024,603.5,621.299988,2270934,RBLBANK
18-06-2019,623.950012,635,620.5,626.849976,1377597,RBLBANK
19-06-2019,630.5,639.349976,620.099976,623.200012,1183513,RBLBANK
20-06-2019,623,627,605.5,624.400024,1868018,RBLBANK
21-06-2019,625,625.950012,602.799988,611.950012,3332898,RBLBANK
24-06-2019,610.900024,622.75,610,618.5,1418827,RBLBANK
25-06-2019,620.799988,624.75,618,622.799988,934129,RBLBANK
26-06-2019,621.950012,636,620.599976,632.950012,1693183,RBLBANK
27-06-2019,634,641.400024,628.200012,637.5,2632416,RBLBANK
28-06-2019,638.700012,646.599976,629,638.650024,1395387,RBLBANK
01-07-2019,639.799988,651.5,636.75,648.450012,1484797,RBLBANK
02-07-2019,647.849976,654.700012,644.150024,653.049988,823365,RBLBANK
03-07-2019,654.349976,655.900024,646,652,1412332,RBLBANK
04-07-2019,651.900024,663,650.799988,654.150024,1477866,RBLBANK
05-07-2019,654.799988,658.900024,631.900024,632.950012,1949855,RBLBANK
08-07-2019,628.950012,643,620.599976,627,1758295,RBLBANK
09-07-2019,626.700012,631.799988,620.299988,627.450012,1386907,RBLBANK
10-07-2019,628.200012,639,624.349976,626.599976,1411076,RBLBANK
11-07-2019,628.5,639.849976,628.5,635,935527,RBLBANK
12-07-2019,638,648.349976,635,640.900024,1150677,RBLBANK
15-07-2019,647,647,603.400024,606.099976,4407005,RBLBANK
16-07-2019,602,608.799988,573,578.549988,9743978,RBLBANK
17-07-2019,583,595.900024,565.549988,590.049988,9601693,RBLBANK
18-07-2019,592,597.25,575.400024,579.75,3708761,RBLBANK
19-07-2019,582,589.700012,496.399994,500.399994,28363449,RBLBANK
22-07-2019,495,495.299988,469.049988,478,13755701,RBLBANK
23-07-2019,480,485.899994,461,467.149994,7989915,RBLBANK
24-07-2019,467.149994,477.149994,448.399994,456.299988,6250325,RBLBANK
25-07-2019,456.700012,463.549988,444.350006,454.950012,8801161,RBLBANK
26-07-2019,454.5,466.350006,453,456.600006,4438657,RBLBANK
29-07-2019,461.350006,461.350006,446.049988,449.450012,2798936,RBLBANK
30-07-2019,450.399994,454.950012,385.100006,398.700012,23721723,RBLBANK
31-07-2019,395.25,410.350006,381.75,403.899994,15930595,RBLBANK
01-08-2019,395,407.799988,387.100006,395.450012,6268517,RBLBANK
02-08-2019,393.700012,414.700012,388.799988,407.450012,6013347,RBLBANK
05-08-2019,403.799988,403.799988,382.200012,389,5470005,RBLBANK
06-08-2019,384.950012,399.399994,384.950012,395.149994,4145312,RBLBANK
07-08-2019,397.5,399.899994,360.25,363.450012,8296473,RBLBANK
08-08-2019,362,375,352.5,366.950012,10706558,RBLBANK
09-08-2019,372,399.700012,369,384.149994,10046237,RBLBANK
13-08-2019,387.25,389.450012,367.450012,371.149994,4641256,RBLBANK
14-08-2019,373.5,394.75,366.600006,388.850006,5363519,RBLBANK
16-08-2019,386.950012,398.600006,380.299988,396.899994,4475951,RBLBANK
19-08-2019,401,412.5,397.75,400.350006,7335338,RBLBANK
20-08-2019,400.549988,405.649994,385.200012,390.100006,6306979,RBLBANK
21-08-2019,390,390,369.649994,372.25,4371595,RBLBANK
22-08-2019,372,377.75,344,349.350006,6763389,RBLBANK
23-08-2019,344,360.950012,338.25,354.200012,6928730,RBLBANK
26-08-2019,369.899994,379.600006,352.649994,375.75,5868821,RBLBANK
27-08-2019,378,384.5,354.149994,356.75,9239151,RBLBANK
28-08-2019,352.5,358.950012,286.100006,313.850006,34931359,RBLBANK
29-08-2019,313,332.399994,298.399994,319.200012,35720452,RBLBANK
30-08-2019,324,331,313.5,327.200012,15090251,RBLBANK
03-09-2019,321,333.399994,311.649994,315.399994,12199822,RBLBANK
04-09-2019,314,326.799988,309.200012,324.899994,11967960,RBLBANK
05-09-2019,322.950012,327.799988,318.450012,321.899994,6765006,RBLBANK
06-09-2019,325.649994,338.899994,317,336.450012,11358527,RBLBANK
09-09-2019,338,365.649994,334.100006,360.399994,19324883,RBLBANK
11-09-2019,363,380.799988,359.399994,378.25,13954147,RBLBANK
12-09-2019,381.049988,382.899994,364.100006,367.049988,10141213,RBLBANK
13-09-2019,369.850006,372.399994,356.75,371.149994,9377590,RBLBANK
16-09-2019,367.799988,369.25,357.450012,359.799988,6512517,RBLBANK
17-09-2019,361.200012,366.799988,349.100006,351.350006,5951420,RBLBANK
18-09-2019,354,357.950012,346.299988,348.899994,5161056,RBLBANK
19-09-2019,350.399994,350.799988,324.450012,332.100006,8199527,RBLBANK
20-09-2019,333,398.399994,325.700012,382.950012,23179162,RBLBANK
23-09-2019,386.799988,415,386,398.350006,14154555,RBLBANK
24-09-2019,403,406.5,385.200012,401,8140651,RBLBANK
25-09-2019,396.149994,403.600006,377.700012,383.700012,8431771,RBLBANK
26-09-2019,386.100006,401.600006,380,384.25,10083072,RBLBANK
27-09-2019,384.049988,388.700012,360.350006,366.25,7475139,RBLBANK
30-09-2019,364,365.450012,320.600006,328.850006,16155044,RBLBANK
01-10-2019,331.5,338.600006,257.049988,299.350006,42598532,RBLBANK
03-10-2019,300,319.600006,292.149994,312,27052594,RBLBANK
04-10-2019,317,325,299.149994,302.799988,14897725,RBLBANK
07-10-2019,304.700012,307.100006,290.5,302.649994,10301440,RBLBANK
09-10-2019,304.549988,312,280.799988,309.600006,20701883,RBLBANK
10-10-2019,307,307.799988,283.149994,288.5,16215356,RBLBANK
11-10-2019,288.399994,292,248.100006,266.450012,32361125,RBLBANK
14-10-2019,266,278.350006,255.600006,258.899994,23405045,RBLBANK
15-10-2019,259.100006,275,241.449997,264.049988,37422869,RBLBANK
16-10-2019,265,273.5,254.399994,258.450012,21728117,RBLBANK
17-10-2019,255,293.5,253.350006,290.200012,30328703,RBLBANK
18-10-2019,285,299,280.100006,295.25,22471544,RBLBANK
22-10-2019,296,298,282,286.950012,18285859,RBLBANK
23-10-2019,258.299988,270.75,230.550003,259.149994,55032341,RBLBANK
24-10-2019,262.299988,267,246.699997,251.699997,16980368,RBLBANK
25-10-2019,252.100006,263,248,260.350006,12491819,RBLBANK
29-10-2019,263,283.350006,258,276.399994,16133901,RBLBANK
30-10-2019,276.399994,291,273.200012,288.450012,14528128,RBLBANK
31-10-2019,289,325,281.399994,310.100006,33504689,RBLBANK
01-11-2019,312,324.799988,303.299988,310.450012,19035303,RBLBANK
04-11-2019,303.899994,317,300,309.649994,11952222,RBLBANK
05-11-2019,312.950012,316.200012,296,299.100006,10999661,RBLBANK
06-11-2019,298,307.799988,296.399994,304.700012,9234744,RBLBANK
07-11-2019,306.600006,319.399994,306.5,308.450012,10313805,RBLBANK
08-11-2019,308,332.75,305.350006,323.899994,23684769,RBLBANK
11-11-2019,323.100006,346.450012,319.100006,343.600006,19685006,RBLBANK
13-11-2019,345.299988,352.75,328.799988,332.600006,21763110,RBLBANK
14-11-2019,335,336,314.25,318,16624413,RBLBANK
15-11-2019,321,329.350006,316.200012,317.899994,10046670,RBLBANK
18-11-2019,319.850006,325.899994,311.399994,323.649994,13153241,RBLBANK
19-11-2019,324,327.75,319.149994,322.75,11081950,RBLBANK
20-11-2019,324.75,348.350006,324,344.649994,21515989,RBLBANK
21-11-2019,348.5,359.399994,333.299988,334.899994,21150686,RBLBANK
22-11-2019,335,363,332.5,359.299988,23261684,RBLBANK
25-11-2019,365,367,355.299988,360.799988,16441956,RBLBANK
26-11-2019,362,364,343.600006,347.200012,13009441,RBLBANK
27-11-2019,355.5,371.200012,353.25,367.549988,23618238,RBLBANK
28-11-2019,372,391.200012,364,381,33059498,RBLBANK
29-11-2019,381.899994,385.75,366.299988,374.149994,18571094,RBLBANK
02-12-2019,372.950012,377.200012,362.100006,373.399994,16548107,RBLBANK
03-12-2019,378,381.299988,355.399994,365.950012,17459355,RBLBANK
04-12-2019,366.649994,374.700012,360.649994,372.899994,12443725,RBLBANK
05-12-2019,373,374.850006,362.25,365.5,9627539,RBLBANK
06-12-2019,367.5,370,334.149994,338.549988,24014739,RBLBANK
09-12-2019,339.149994,345.899994,325.25,335.149994,24248045,RBLBANK
10-12-2019,325,334.350006,317.5,320.75,18086321,RBLBANK
11-12-2019,322,329.799988,313.200012,324.450012,17794514,RBLBANK
12-12-2019,326.399994,337.5,322.299988,334.549988,14262633,RBLBANK
13-12-2019,334.600006,348.5,334.600006,345.399994,14824345,RBLBANK
16-12-2019,346,346.75,332,336.25,10771435,RBLBANK
17-12-2019,336.700012,342.799988,336.25,340.649994,10547010,RBLBANK
18-12-2019,339.549988,345.149994,333,342.399994,8511977,RBLBANK
19-12-2019,340.399994,344.5,334.649994,342.350006,10698542,RBLBANK
20-12-2019,340,351.399994,338.799988,342.799988,13890320,RBLBANK
23-12-2019,341.5,347,332.549988,334,9747163,RBLBANK
24-12-2019,335,337.799988,332.649994,334.100006,8348658,RBLBANK
26-12-2019,335.450012,336.899994,327.799988,332.600006,8817639,RBLBANK
27-12-2019,334,340.600006,333.5,336.549988,7035050,RBLBANK
30-12-2019,336.799988,347,334.600006,345,10053529,RBLBANK
31-12-2019,342,347.700012,341.600006,344.850006,7075944,RBLBANK
01-01-2020,346,351,345,347.950012,7055518,RBLBANK
02-01-2020,347,372.399994,345,369.549988,13364375,RBLBANK
03-01-2020,367,367.899994,355.75,357.600006,9763249,RBLBANK
06-01-2020,355,355,334.850006,336.850006,9585680,RBLBANK
07-01-2020,343,351.799988,340.200012,344,15484836,RBLBANK
08-01-2020,335,348.700012,334.049988,346,11093126,RBLBANK
09-01-2020,355,360.649994,352.5,355.350006,8506943,RBLBANK
10-01-2020,355.450012,357.899994,345.350006,348.25,8850157,RBLBANK
13-01-2020,350.75,360,349.5,358.25,6192087,RBLBANK
14-01-2020,358,365,352.700012,356.600006,7805838,RBLBANK
15-01-2020,358.799988,358.799988,344.600006,350.450012,7447505,RBLBANK
16-01-2020,353.75,354.5,345.100006,346.299988,6328216,RBLBANK
17-01-2020,348,348,341,343.799988,6402710,RBLBANK
20-01-2020,345.950012,347.549988,325,328.149994,11235136,RBLBANK
21-01-2020,324.100006,342.700012,321.350006,341.299988,15717772,RBLBANK
22-01-2020,342.649994,345.350006,332.5,339.200012,10434323,RBLBANK
23-01-2020,330,346.700012,325.049988,339.450012,22940771,RBLBANK
24-01-2020,339.350006,339.899994,327.649994,329.700012,12712799,RBLBANK
27-01-2020,329.600006,338.5,327.200012,336.200012,8528531,RBLBANK
28-01-2020,337,342.600006,334,339.5,7232941,RBLBANK
29-01-2020,342.5,343.75,334.200012,335.350006,5576532,RBLBANK
30-01-2020,335.450012,336,320,322.350006,8267534,RBLBANK
31-01-2020,325.700012,327.399994,316.25,318.299988,5843485,RBLBANK
03-02-2020,301,315,297.149994,312.5,8919792,RBLBANK
04-02-2020,315,321.700012,307,318.850006,6802590,RBLBANK
05-02-2020,319.5,323.799988,315.200012,317.75,7268841,RBLBANK
06-02-2020,319.700012,340.450012,319,332.100006,10768878,RBLBANK
07-02-2020,335,341.799988,328.799988,339.799988,8323980,RBLBANK
10-02-2020,338,339,329.649994,331.75,4244659,RBLBANK
11-02-2020,334,346.950012,334,340.149994,7783037,RBLBANK
12-02-2020,344,344.200012,331,332.350006,5905365,RBLBANK
13-02-2020,334,334,322.850006,325.75,6122098,RBLBANK
14-02-2020,327,328.75,315,316.549988,6980567,RBLBANK
17-02-2020,316,318.25,306,306.600006,8296146,RBLBANK
18-02-2020,308.399994,308.5,292.350006,302.049988,10772240,RBLBANK
19-02-2020,306.850006,311.649994,302.549988,306.549988,8087511,RBLBANK
20-02-2020,306,319.5,303.299988,308.799988,10577076,RBLBANK
24-02-2020,305,307.450012,298.200012,301.450012,9251535,RBLBANK
25-02-2020,303,311.899994,303,309.299988,6937779,RBLBANK
26-02-2020,306.5,317.850006,304.700012,314.5,11072497,RBLBANK
27-02-2020,314.850006,316.5,306.5,309.600006,6546773,RBLBANK
28-02-2020,301.5,303.649994,285.100006,290.899994,13613693,RBLBANK
02-03-2020,299.049988,306.600006,276.899994,283.200012,8910231,RBLBANK
03-03-2020,288.950012,296.5,283.600006,292.100006,8623424,RBLBANK
04-03-2020,294.5,297.850006,279.299988,295.850006,10404170,RBLBANK
05-03-2020,298,308.100006,289.649994,301.399994,10911968,RBLBANK
06-03-2020,271.299988,275,243.050003,258.899994,37113414,RBLBANK
09-03-2020,248,248,199.25,208.199997,26417398,RBLBANK
11-03-2020,201.899994,239.199997,201.050003,226.550003,36866550,RBLBANK
12-03-2020,203.899994,215.75,192.600006,207.149994,22717652,RBLBANK
13-03-2020,191.149994,220.199997,166,206.600006,18875538,RBLBANK
16-03-2020,199,199.899994,156.5,162.850006,32548873,RBLBANK
17-03-2020,167,174.399994,157,164.550003,28536311,RBLBANK
18-03-2020,166,173.5,152.25,166.949997,29704874,RBLBANK
19-03-2020,155,185.350006,154,176.850006,20205902,RBLBANK
20-03-2020,176.75,187.199997,167.75,171.850006,18868793,RBLBANK
23-03-2020,153.350006,162.350006,139.550003,141.100006,12125762,RBLBANK
24-03-2020,149,161.899994,128.899994,154.899994,12582209,RBLBANK
25-03-2020,147,170.350006,141,161.300003,14880639,RBLBANK
26-03-2020,164,177.399994,155.199997,165.100006,12302522,RBLBANK
27-03-2020,176,179.800003,158.800003,160.25,14826570,RBLBANK
30-03-2020,155,157.399994,147.5,150.100006,12414821,RBLBANK
31-03-2020,150.600006,155,133.800003,135.5,18469167,RBLBANK
01-04-2020,137.5,143.649994,127.550003,131.300003,16831524,RBLBANK
03-04-2020,136.949997,139.100006,109.25,110.949997,44025004,RBLBANK
07-04-2020,118.949997,118.949997,105.550003,116.199997,38387389,RBLBANK
08-04-2020,113,133.600006,110.5,121.099998,42659922,RBLBANK
09-04-2020,127,128.899994,118.199997,120.849998,27822036,RBLBANK
13-04-2020,120,120,112.300003,117.599998,22327659,RBLBANK
15-04-2020,120,127.75,118.150002,120.5,28186140,RBLBANK
16-04-2020,118.900002,125.900002,115,124.050003,22608464,RBLBANK
17-04-2020,131,135.800003,124.75,128,35278149,RBLBANK
20-04-2020,130.899994,131,118.599998,119.599998,26700274,RBLBANK
21-04-2020,114,114.400002,108.5,109.150002,23423330,RBLBANK
22-04-2020,109,109.099998,101.550003,105.150002,40495644,RBLBANK
23-04-2020,106.949997,115.650002,104.75,106.400002,59383657,RBLBANK
24-04-2020,104.5,110.699997,101.699997,107.150002,44503626,RBLBANK
27-04-2020,110,117.849998,107.449997,116.699997,52209225,RBLBANK
28-04-2020,124,127.900002,121.199997,126.25,58732549,RBLBANK
29-04-2020,120,127.25,118.099998,125.849998,39556095,RBLBANK
30-04-2020,130,136.5,130,132.149994,40808994,RBLBANK
04-05-2020,126.099998,126.300003,117.150002,121.050003,24597583,RBLBANK
05-05-2020,125,128.5,121.599998,122.800003,38663534,RBLBANK
06-05-2020,123.199997,134.350006,119.849998,132.100006,54138532,RBLBANK
07-05-2020,132.050003,137,126.699997,128.850006,58869298,RBLBANK
08-05-2020,132.899994,133.899994,117.550003,119.349998,75416787,RBLBANK
11-05-2020,121.949997,122.400002,114.199997,117.099998,47660865,RBLBANK
12-05-2020,114.849998,118.400002,111.199997,116.75,37718418,RBLBANK
13-05-2020,125.5,126.800003,119.199997,121.5,41828857,RBLBANK
14-05-2020,118.5,126,116.5,124.25,41302019,RBLBANK
15-05-2020,123.900002,125.400002,120.050003,120.900002,24187204,RBLBANK
18-05-2020,120,120.800003,108.849998,109.400002,30932148,RBLBANK
19-05-2020,111,113.900002,108,109.849998,36530442,RBLBANK
20-05-2020,109.849998,113.449997,108.550003,112.449997,21071334,RBLBANK
21-05-2020,112.449997,115.449997,111.050003,112,19874175,RBLBANK
22-05-2020,110,114.199997,105.5,107.25,28508556,RBLBANK
26-05-2020,109.900002,111.550003,108.300003,110.550003,16240250,RBLBANK
27-05-2020,110.550003,118.800003,110.050003,118.150002,34808608,RBLBANK
28-05-2020,120.5,123,115.75,116.650002,35971637,RBLBANK
29-05-2020,114,121.349998,112.650002,120.5,36020696,RBLBANK
01-06-2020,122.050003,132,122.050003,129.850006,39859941,RBLBANK
02-06-2020,129.5,130.399994,125,127.150002,34065405,RBLBANK
03-06-2020,130.25,137.800003,128.699997,130.75,52035184,RBLBANK
04-06-2020,130,132.5,121.300003,122.400002,44072776,RBLBANK
05-06-2020,123.25,128.300003,123.050003,126.25,34395348,RBLBANK
08-06-2020,131,137.899994,130.350006,132.5,49470287,RBLBANK
09-06-2020,134.399994,151.600006,129.550003,140.550003,96327769,RBLBANK
10-06-2020,141.699997,168.649994,141.5,164.199997,141321733,RBLBANK
11-06-2020,167,175.5,158.800003,160.550003,112960626,RBLBANK
12-06-2020,151,170.399994,147.149994,168.600006,83496381,RBLBANK
15-06-2020,168.5,168.75,159.149994,161.350006,47099881,RBLBANK
16-06-2020,166.75,169.75,155.399994,161.350006,45217421,RBLBANK
17-06-2020,160,166.25,157.199997,162.350006,43137712,RBLBANK
18-06-2020,161,165.5,160.199997,164.800003,25544612,RBLBANK
19-06-2020,167,172.350006,164.050003,168.899994,44125120,RBLBANK
22-06-2020,170.100006,192.300003,170.100006,182.300003,76653018,RBLBANK
23-06-2020,186,189.800003,181.649994,187,34279983,RBLBANK
24-06-2020,190,205.699997,182,185.75,88490399,RBLBANK
25-06-2020,181.899994,192.199997,179.399994,189.899994,54946833,RBLBANK
26-06-2020,193.300003,198.300003,189,190.649994,34516614,RBLBANK
29-06-2020,186,187.949997,177.300003,179.649994,32071426,RBLBANK
30-06-2020,183,185.5,172.550003,173.5,26561621,RBLBANK
01-07-2020,175,177.5,171.149994,173.949997,31114193,RBLBANK
02-07-2020,176,181.350006,174.899994,177.649994,36949228,RBLBANK
03-07-2020,180,181.25,170.800003,173.600006,29443398,RBLBANK
06-07-2020,176,180,175.149994,178.050003,26821405,RBLBANK
07-07-2020,178.100006,190,177.100006,186.949997,52292533,RBLBANK
08-07-2020,189,197.399994,185,186.600006,54980768,RBLBANK
09-07-2020,189,192.399994,186.100006,188.149994,27866502,RBLBANK
10-07-2020,187.300003,187.899994,178.399994,181.050003,29988723,RBLBANK
13-07-2020,185.899994,185.899994,177.100006,177.899994,23245654,RBLBANK
14-07-2020,174,174,162.600006,165,42830060,RBLBANK
15-07-2020,168.25,171.699997,163.75,164.649994,34104988,RBLBANK
16-07-2020,166.75,168,160.5,166.899994,28078078,RBLBANK
17-07-2020,167.199997,171.5,166,169.550003,24101709,RBLBANK
20-07-2020,170.899994,177.300003,170.199997,174.699997,28968532,RBLBANK
21-07-2020,178,179.399994,174.699997,176.5,17073853,RBLBANK
22-07-2020,177.600006,179.5,171.850006,174.199997,26671369,RBLBANK
23-07-2020,174.199997,178,171.300003,177.149994,14036656,RBLBANK
24-07-2020,174,186.399994,172.949997,182.899994,61063425,RBLBANK
27-07-2020,183.850006,184.449997,177.050003,178.800003,14941544,RBLBANK
28-07-2020,178.25,183.350006,176.199997,181.899994,15763097,RBLBANK
29-07-2020,177.949997,189.550003,174.050003,176.649994,37527973,RBLBANK
30-07-2020,178,179.600006,168,169,22129540,RBLBANK
31-07-2020,169,170.600006,165.899994,169.550003,19553484,RBLBANK
03-08-2020,169.5,169.550003,162.199997,162.949997,17755715,RBLBANK
04-08-2020,163.899994,170,160.800003,168.800003,20986331,RBLBANK
05-08-2020,172.100006,177.199997,171.550003,174.949997,29621229,RBLBANK
06-08-2020,175.899994,177.25,171.800003,174.149994,21316742,RBLBANK
07-08-2020,174.149994,193.699997,171.399994,191.300003,71364668,RBLBANK
10-08-2020,190.75,193.300003,180.100006,181,33990871,RBLBANK
11-08-2020,182.949997,186.5,182.100006,185.199997,21569910,RBLBANK
12-08-2020,184,191.25,181.350006,187.800003,27646780,RBLBANK
13-08-2020,189,189.699997,183.300003,184.949997,14267771,RBLBANK
14-08-2020,185.949997,187.399994,173.949997,177.199997,23067661,RBLBANK
17-08-2020,179.050003,184.25,175.850006,183.5,20227215,RBLBANK
18-08-2020,184.899994,186.75,178.25,182.399994,20519202,RBLBANK
19-08-2020,184.149994,188.100006,182.550003,184.800003,19680013,RBLBANK
20-08-2020,184,190,178.449997,182.149994,36606297,RBLBANK
21-08-2020,184,186,183.199997,184.149994,14313867,RBLBANK
24-08-2020,185.399994,186,183.149994,184.449997,7096574,RBLBANK
25-08-2020,185.899994,194.399994,185.25,188.949997,36785535,RBLBANK
26-08-2020,190.5,201.899994,189.199997,200.399994,50727208,RBLBANK
27-08-2020,203.800003,208,197.800003,202.800003,48883525,RBLBANK
28-08-2020,203.800003,214,203.5,210.5,42783595,RBLBANK
31-08-2020,214.800003,217.699997,191.649994,195.949997,47781997,RBLBANK
01-09-2020,196,200.399994,184.649994,191.850006,25850226,RBLBANK
02-09-2020,193.75,198.199997,189.600006,197.050003,18597815,RBLBANK
03-09-2020,199.25,202,191.899994,192.800003,17171595,RBLBANK
04-09-2020,189.399994,195.649994,184.899994,188.800003,22377780,RBLBANK
07-09-2020,188.800003,190.600006,184.100006,186.75,16016571,RBLBANK
08-09-2020,187.5,187.600006,177,179.800003,21344777,RBLBANK
09-09-2020,176,177.5,170.649994,175.600006,21414391,RBLBANK
10-09-2020,177.5,183.850006,177.5,180.5,21767791,RBLBANK
11-09-2020,180.5,184.199997,178.75,182.649994,16834108,RBLBANK
14-09-2020,185,187.5,180,181.050003,16360690,RBLBANK
15-09-2020,182,184.649994,179.5,183.949997,15339717,RBLBANK
16-09-2020,184,187.149994,182.149994,185.699997,12867640,RBLBANK
17-09-2020,183.5,185.300003,182.5,183.649994,9493168,RBLBANK
18-09-2020,184.899994,185.399994,177.350006,180.649994,11112363,RBLBANK
21-09-2020,181.100006,182.300003,167.899994,169.199997,14225488,RBLBANK
22-09-2020,169.300003,171.199997,161.399994,166.199997,20166387,RBLBANK
23-09-2020,168.050003,171.199997,161.550003,166.350006,17697782,RBLBANK
24-09-2020,163,164.850006,156.100006,157.800003,12674632,RBLBANK
25-09-2020,161,165.899994,158.550003,164.949997,17080914,RBLBANK
28-09-2020,167,174.199997,166.050003,173.649994,14342701,RBLBANK
29-09-2020,175.25,176.350006,169.199997,170,13603542,RBLBANK
30-09-2020,171,172.199997,168,169.899994,10850835,RBLBANK
01-10-2020,171.899994,179.449997,171.199997,177.850006,17648786,RBLBANK
05-10-2020,179.800003,185,173.75,175.300003,20124433,RBLBANK
06-10-2020,178,182.100006,177.699997,180.800003,14855792,RBLBANK
07-10-2020,179.800003,181.600006,176.100006,177.100006,12262020,RBLBANK
08-10-2020,179.199997,181,172.699997,173.850006,15091088,RBLBANK
09-10-2020,175.25,181.949997,172.25,180.050003,21886646,RBLBANK
12-10-2020,181.600006,183.899994,174.199997,174.949997,12854323,RBLBANK
13-10-2020,174.699997,174.699997,168.850006,169.75,12664761,RBLBANK
14-10-2020,167.5,174,165.800003,172.899994,14798291,RBLBANK
15-10-2020,173.5,176.100006,166.199997,167,12580775,RBLBANK
16-10-2020,168.100006,172.5,166.850006,172,11753757,RBLBANK
19-10-2020,173.100006,180.899994,172.5,178.850006,21081240,RBLBANK
20-10-2020,177,181.649994,175.149994,179.449997,13626093,RBLBANK
21-10-2020,180.949997,186,175.800003,180.449997,20650954,RBLBANK
22-10-2020,179.5,182.149994,178,181.149994,11932671,RBLBANK
23-10-2020,182,182,176.5,177.850006,14033845,RBLBANK
26-10-2020,179,179.25,174.100006,175.5,11551031,RBLBANK
27-10-2020,175.5,176.649994,168.600006,175.149994,14826534,RBLBANK
28-10-2020,175.899994,180,172.699997,175.350006,15408835,RBLBANK
29-10-2020,177.399994,182,171.149994,174.75,31283608,RBLBANK
30-10-2020,174.949997,178.899994,172.600006,174.350006,14360075,RBLBANK
02-11-2020,175.5,183.399994,174.050003,179.699997,19311582,RBLBANK
03-11-2020,181.5,188.850006,181.199997,184.5,26186427,RBLBANK
04-11-2020,184.5,186.350006,179.75,184.850006,15003993,RBLBANK
05-11-2020,187.949997,188.300003,183.649994,185.800003,12187014,RBLBANK
06-11-2020,186,197.75,184.149994,193.25,39882217,RBLBANK
09-11-2020,195,200.25,193.5,197,21284456,RBLBANK
10-11-2020,199.300003,213.850006,198.5,209.5,43163820,RBLBANK
11-11-2020,211,213.699997,200.75,205.649994,29536879,RBLBANK
12-11-2020,205,207.699997,201.5,202.5,20029191,RBLBANK
13-11-2020,198.699997,207.600006,196.850006,205.600006,19494934,RBLBANK
17-11-2020,208.300003,213.399994,206.25,212.300003,20173068,RBLBANK
18-11-2020,211.949997,223,210.600006,221.25,38521052,RBLBANK
19-11-2020,217,219.199997,210.199997,212,16554591,RBLBANK
20-11-2020,213.800003,215.449997,207.100006,211.600006,13869447,RBLBANK
23-11-2020,215,218,211.449997,212.649994,11472272,RBLBANK
24-11-2020,216.399994,230,215.600006,226.399994,37826692,RBLBANK
25-11-2020,229,236,222.649994,226.600006,39123335,RBLBANK
26-11-2020,228.550003,229.800003,219.75,222.399994,19984346,RBLBANK
27-11-2020,224,227,222.399994,223.800003,13504425,RBLBANK
01-12-2020,225.449997,227.800003,220.100006,225.699997,12095583,RBLBANK
02-12-2020,227.699997,230.5,221.300003,225.75,15949367,RBLBANK
03-12-2020,227.399994,234.75,226.5,231.800003,18420230,RBLBANK
04-12-2020,232.899994,239.5,230.550003,237.199997,23190815,RBLBANK
07-12-2020,236.649994,244.899994,230.199997,242.949997,29622343,RBLBANK
08-12-2020,244.850006,245.199997,233.550003,237.300003,20773921,RBLBANK
09-12-2020,239.350006,240.300003,235.5,236.800003,11402930,RBLBANK
10-12-2020,237,242.800003,231.5,234.699997,13593650,RBLBANK
11-12-2020,236,242.5,233.600006,235.550003,15252464,RBLBANK
14-12-2020,238.399994,239.199997,234.199997,234.850006,10984815,RBLBANK
15-12-2020,235,238,228.199997,237.100006,16607062,RBLBANK
16-12-2020,238.199997,244,237.75,241.800003,13238721,RBLBANK
17-12-2020,241,242.75,234.600006,236.800003,8522968,RBLBANK
18-12-2020,236.699997,236.949997,225.800003,227.649994,23402281,RBLBANK
21-12-2020,226.050003,228,202,206.550003,27017949,RBLBANK
22-12-2020,208.199997,211,197.75,208.449997,26497524,RBLBANK
23-12-2020,209,223.350006,207.199997,221.199997,23305087,RBLBANK
24-12-2020,223,225.75,218.699997,220.350006,15688836,RBLBANK
28-12-2020,223,230,221.850006,229.100006,13713702,RBLBANK
29-12-2020,231,237.399994,228.149994,232.800003,21325726,RBLBANK
30-12-2020,232.899994,234,228.100006,232.5,11720240,RBLBANK
31-12-2020,231,233.100006,229.5,231.050003,7482183,RBLBANK
01-01-2021,231.100006,233.149994,230.5,231.050003,5041873,RBLBANK
04-01-2021,233.300003,240.899994,231.600006,239.600006,17569997,RBLBANK
05-01-2021,237.949997,252,236.600006,250.850006,34140600,RBLBANK
06-01-2021,252.949997,270.549988,252.050003,264.200012,49424461,RBLBANK
07-01-2021,266.850006,273,263.100006,269.299988,19675319,RBLBANK
08-01-2021,272.049988,274.299988,263.850006,265.049988,12634258,RBLBANK
11-01-2021,266.75,267,254.899994,255.949997,12932516,RBLBANK
12-01-2021,253,263.100006,249.699997,257.5,14059128,RBLBANK
13-01-2021,258.350006,263.600006,247.199997,254.399994,17572485,RBLBANK
14-01-2021,256.299988,258.950012,253.050003,254.199997,9763818,RBLBANK
15-01-2021,254,259.75,251.550003,253.899994,13958474,RBLBANK
18-01-2021,251.75,253,242.800003,244.399994,11730430,RBLBANK
19-01-2021,248.100006,255.050003,245.5,254.25,9180912,RBLBANK
20-01-2021,256.399994,257.850006,252,253.75,9068806,RBLBANK
21-01-2021,254.25,265.600006,248.25,250.550003,19491404,RBLBANK
22-01-2021,250,250.649994,228.75,232.800003,25846533,RBLBANK
25-01-2021,236.850006,240,218.100006,222.75,23771720,RBLBANK
27-01-2021,224,227.100006,217.350006,218.649994,20026659,RBLBANK
28-01-2021,213.600006,220.5,209.199997,215.050003,22628038,RBLBANK
29-01-2021,219.949997,231.25,212.5,213.800003,37026300,RBLBANK
01-02-2021,215.949997,244.850006,212.300003,236.850006,29981324,RBLBANK
02-02-2021,242.100006,249.350006,238,242.399994,29105457,RBLBANK
03-02-2021,243.899994,262.399994,239,256.549988,35216299,RBLBANK
04-02-2021,253.949997,258.950012,251,257.299988,18416736,RBLBANK
05-02-2021,259,268.799988,248.800003,251.100006,29235565,RBLBANK
08-02-2021,254,257.950012,246,247.399994,12412595,RBLBANK
09-02-2021,248.5,250.850006,243.25,246.350006,12309755,RBLBANK
10-02-2021,246.350006,248.800003,239.300003,243.050003,15882144,RBLBANK
11-02-2021,243.050003,246.25,241.100006,243.800003,9300430,RBLBANK
12-02-2021,244.199997,247.399994,240.100006,241.449997,16784618,RBLBANK
15-02-2021,244,256.450012,243.300003,254,16898930,RBLBANK
16-02-2021,255.699997,262,249.449997,258.5,22630711,RBLBANK
17-02-2021,257.600006,258.350006,251.199997,253.149994,11880397,RBLBANK
18-02-2021,254,256.899994,249,250.149994,10919837,RBLBANK
19-02-2021,250,259.899994,243.25,246.25,20676117,RBLBANK
22-02-2021,246.899994,248.050003,233.800003,236.5,13378881,RBLBANK
23-02-2021,238.600006,239.350006,231.300003,236.050003,13036265,RBLBANK
24-02-2021,237,249,230.050003,246.550003,11200680,RBLBANK
25-02-2021,250.25,256.799988,247.100006,248.949997,19598751,RBLBANK
26-02-2021,238.399994,241.850006,234.199997,235.600006,22815361,RBLBANK
01-03-2021,239,239.699997,232.050003,236.050003,14473106,RBLBANK
02-03-2021,237,241,233.800003,236.75,11756320,RBLBANK
03-03-2021,238.899994,251,238,248.949997,19666574,RBLBANK
04-03-2021,243.800003,254.149994,241.050003,249.350006,16439825,RBLBANK
05-03-2021,248,248,238.300003,242.350006,13885483,RBLBANK
08-03-2021,244.75,249.5,243.100006,244.300003,7687041,RBLBANK
09-03-2021,246.699997,253.699997,242.050003,245.449997,18766370,RBLBANK
10-03-2021,248.649994,249.050003,239.5,241.899994,13512341,RBLBANK
12-03-2021,245,249.25,241.600006,243.100006,11277623,RBLBANK
15-03-2021,243.550003,244,230.800003,238.25,15693935,RBLBANK
16-03-2021,239.899994,240.25,233.550003,235.100006,9124566,RBLBANK
17-03-2021,235,236.300003,222,223.399994,16440990,RBLBANK
18-03-2021,227.300003,229.5,217.25,222.949997,11280094,RBLBANK
19-03-2021,220.25,229.5,214.399994,228.550003,19513845,RBLBANK
22-03-2021,228.100006,230.600006,223.100006,225.25,11332389,RBLBANK
23-03-2021,226,231,224.100006,226.800003,11435932,RBLBANK
24-03-2021,224.850006,225.449997,215,215.899994,13757546,RBLBANK
25-03-2021,217,217,203.75,210.050003,18673108,RBLBANK
26-03-2021,213.899994,215.399994,210.149994,211.100006,10330808,RBLBANK
30-03-2021,213,214.399994,206.949997,208.050003,10297850,RBLBANK
31-03-2021,208.699997,210.350006,203.75,207.550003,12364637,RBLBANK
01-04-2021,210.899994,217,208.350006,216.199997,11026676,RBLBANK
05-04-2021,214.949997,215,203,206.25,13462130,RBLBANK
06-04-2021,210,213.399994,206.649994,212.100006,15440146,RBLBANK
