date,open,high,low,close,volume,Name
3/27/2018,499,499,455,476.850006,91036634,BANDHANBNK
3/28/2018,463.850006,478.899994,463,469.049988,12056881,BANDHANBNK
4/2/2018,474.899994,485,472,475.700012,5239378,BANDHANBNK
4/3/2018,474,485.899994,469.149994,483.450012,2796977,BANDHANBNK
4/4/2018,484.600006,488.799988,478,486.049988,2459030,BANDHANBNK
4/5/2018,490,514.900024,487.299988,509.200012,8163440,BANDHANBNK
4/6/2018,512.5,517.700012,505.200012,508.25,1844654,BANDHANBNK
4/9/2018,508.799988,519.900024,496.049988,514.450012,2656272,BANDHANBNK
4/10/2018,515,520.799988,510.200012,518.650024,1731872,BANDHANBNK
4/11/2018,519.900024,535,513,533.5,3555719,BANDHANBNK
4/12/2018,530,540.799988,526.099976,534.75,1884412,BANDHANBNK
4/13/2018,533,536.950012,526.400024,528.650024,1057977,BANDHANBNK
4/16/2018,523.900024,532.349976,516.099976,518.799988,760439,BANDHANBNK
4/17/2018,520,521.400024,500,505.100006,1156139,BANDHANBNK
4/18/2018,508,513.5,501,504.149994,815508,BANDHANBNK
4/19/2018,505.200012,508.899994,502,505.100006,589106,BANDHANBNK
4/20/2018,505.100006,510.5,493.100006,495.049988,949874,BANDHANBNK
4/23/2018,496,504.299988,481.75,498.350006,2474228,BANDHANBNK
4/24/2018,500,502.299988,486,489.850006,1200876,BANDHANBNK
4/25/2018,490.049988,497.100006,485.25,494.299988,1313604,BANDHANBNK
4/26/2018,497.100006,501.399994,491.100006,495,1878261,BANDHANBNK
4/27/2018,498.799988,522.950012,498.5,506.450012,5635987,BANDHANBNK
4/30/2018,509.5,515.900024,502.700012,513.450012,1461600,BANDHANBNK
5/2/2018,513,520.900024,511,515.849976,1319363,BANDHANBNK
5/3/2018,511.950012,515,496.399994,502.049988,861937,BANDHANBNK
5/4/2018,503,506,500.5,504.600006,1078225,BANDHANBNK
5/7/2018,507,508,492.649994,494.5,764766,BANDHANBNK
5/8/2018,496.950012,497,490,494.350006,568372,BANDHANBNK
5/9/2018,492,495.25,485.299988,488.600006,505802,BANDHANBNK
5/10/2018,490,493.899994,484.049988,486.450012,251959,BANDHANBNK
5/11/2018,486.549988,492.200012,480.25,484.350006,1030945,BANDHANBNK
5/14/2018,484,489.399994,478.399994,479.950012,377154,BANDHANBNK
5/15/2018,483.899994,489.799988,473.5,483.850006,1463884,BANDHANBNK
5/16/2018,479.899994,484.899994,475,482.5,432584,BANDHANBNK
5/17/2018,483,487,477.649994,483.850006,477080,BANDHANBNK
5/18/2018,481.049988,485.049988,478,479.549988,294337,BANDHANBNK
5/21/2018,474,481.200012,463.200012,468.799988,363194,BANDHANBNK
5/22/2018,468.799988,477.399994,468,470.350006,243251,BANDHANBNK
5/23/2018,471.799988,500,469.299988,495.950012,1809012,BANDHANBNK
5/24/2018,489.799988,495.100006,474.600006,477.200012,435390,BANDHANBNK
5/25/2018,483.75,487,476.850006,483.100006,289819,BANDHANBNK
5/28/2018,486.700012,488.399994,481,484.549988,228736,BANDHANBNK
5/29/2018,485.100006,488.5,478.25,479.75,172900,BANDHANBNK
5/30/2018,477,478.950012,468.200012,469.899994,372779,BANDHANBNK
5/31/2018,472.200012,474,463.100006,470.5,375833,BANDHANBNK
6/1/2018,470,478.75,470,475.100006,347149,BANDHANBNK
6/4/2018,479,479,470.399994,473.950012,331178,BANDHANBNK
6/5/2018,474,474,456.149994,470.049988,535857,BANDHANBNK
6/6/2018,471,503.600006,467,495.700012,2580270,BANDHANBNK
6/7/2018,501,502.899994,491.200012,498.049988,767664,BANDHANBNK
6/8/2018,496.899994,502.350006,492.299988,498.100006,971489,BANDHANBNK
6/11/2018,501,529,496.049988,512.200012,3530631,BANDHANBNK
6/12/2018,510.100006,525.5,505.549988,520.200012,1061375,BANDHANBNK
6/13/2018,521.049988,539.849976,518.549988,535.700012,1541850,BANDHANBNK
6/14/2018,538,560,538,547.200012,3171005,BANDHANBNK
6/15/2018,544.400024,553.799988,531.400024,550.150024,1468910,BANDHANBNK
6/18/2018,548.049988,557.900024,545.200012,551.950012,653866,BANDHANBNK
6/19/2018,546.25,549.950012,532,534.200012,603528,BANDHANBNK
6/20/2018,536.950012,551.400024,535.150024,539.700012,617216,BANDHANBNK
6/21/2018,541,547.900024,535.150024,537.549988,327133,BANDHANBNK
6/22/2018,537.549988,544,533.150024,536.099976,293938,BANDHANBNK
6/25/2018,538.349976,542,533.049988,534.5,308692,BANDHANBNK
6/26/2018,532.099976,542,528.049988,531.5,1183515,BANDHANBNK
6/27/2018,535,535,520.049988,523.849976,855250,BANDHANBNK
6/28/2018,522,523.849976,508,512.200012,260547,BANDHANBNK
6/29/2018,514.950012,530,512.25,526.549988,346849,BANDHANBNK
7/2/2018,530,530.650024,523,527.650024,1119123,BANDHANBNK
7/3/2018,527,567.799988,525,559.25,679896,BANDHANBNK
7/4/2018,552.799988,558.700012,545.049988,548.450012,367351,BANDHANBNK
7/5/2018,547.150024,549.799988,538,540.049988,270838,BANDHANBNK
7/6/2018,538.049988,548.400024,538.049988,544.299988,313428,BANDHANBNK
7/9/2018,548.799988,560.700012,544.5,557.950012,687065,BANDHANBNK
7/10/2018,561,585.950012,561,580,1321938,BANDHANBNK
7/11/2018,577,588.799988,564,567.400024,862150,BANDHANBNK
7/12/2018,569.900024,572,555.650024,563.150024,960998,BANDHANBNK
7/13/2018,564.799988,579.349976,556.400024,568.950012,1274500,BANDHANBNK
7/16/2018,558.25,564.799988,544.549988,557.349976,433679,BANDHANBNK
7/17/2018,559.900024,566.400024,552.049988,562.75,397824,BANDHANBNK
7/18/2018,564,607.700012,564,600.5,5518147,BANDHANBNK
7/19/2018,599,633,590.349976,617.5,3883898,BANDHANBNK
7/20/2018,618,706.799988,616,687.400024,5425223,BANDHANBNK
7/23/2018,685,714,665.549988,681.200012,2813794,BANDHANBNK
7/24/2018,681.299988,712.900024,681.299988,708.700012,2345515,BANDHANBNK
7/25/2018,709.900024,715,688.400024,695.099976,1490189,BANDHANBNK
7/26/2018,697.900024,702.900024,660.099976,664.5,1091444,BANDHANBNK
7/27/2018,667.049988,696.700012,667,687.049988,1354625,BANDHANBNK
7/30/2018,690.400024,707.950012,685.950012,690,769600,BANDHANBNK
7/31/2018,690.099976,719.799988,682.599976,701.349976,1586042,BANDHANBNK
8/1/2018,703.5,714,703,706.950012,602841,BANDHANBNK
8/2/2018,708.599976,708.700012,693,699.450012,622240,BANDHANBNK
8/3/2018,704.450012,710.450012,693.5,698.700012,651603,BANDHANBNK
8/6/2018,704.349976,704.349976,685,688.849976,676161,BANDHANBNK
8/7/2018,689.900024,691.650024,671.75,675.450012,569071,BANDHANBNK
8/8/2018,675.450012,696,675.450012,692.75,584943,BANDHANBNK
8/9/2018,694.099976,741.799988,694.099976,729.700012,3562003,BANDHANBNK
8/10/2018,731.400024,731.400024,695,702.700012,818271,BANDHANBNK
8/13/2018,699.799988,702.400024,680.549988,685.5,663776,BANDHANBNK
8/14/2018,685.5,707.75,685.5,698.900024,960441,BANDHANBNK
8/16/2018,694,706.950012,690,700.650024,501028,BANDHANBNK
8/17/2018,704.950012,711.450012,702.150024,703.900024,723488,BANDHANBNK
8/20/2018,707.950012,709.650024,698,699.75,376704,BANDHANBNK
8/21/2018,698,698,682,685.049988,589147,BANDHANBNK
8/23/2018,690,692.400024,662.349976,665.700012,1671749,BANDHANBNK
8/24/2018,666.5,681,612,674.599976,5165184,BANDHANBNK
8/27/2018,681.650024,704.099976,681.400024,689.349976,1698763,BANDHANBNK
8/28/2018,695.900024,701,681.650024,698,894560,BANDHANBNK
8/29/2018,700,700,681.099976,686.150024,821218,BANDHANBNK
8/30/2018,686,694.799988,674.200012,677.400024,430372,BANDHANBNK
8/31/2018,677.450012,698.25,672.700012,694.799988,737840,BANDHANBNK
9/3/2018,694.049988,696,667.799988,670.75,730245,BANDHANBNK
9/4/2018,674.950012,677.950012,630,638.299988,1310534,BANDHANBNK
9/5/2018,635,656.650024,616.700012,635.400024,11060659,BANDHANBNK
9/6/2018,645,654.299988,640,643.150024,794953,BANDHANBNK
9/7/2018,643.099976,661.950012,640.049988,658.650024,750500,BANDHANBNK
9/10/2018,660,665.900024,642.5,646.299988,783340,BANDHANBNK
9/11/2018,648.950012,657.299988,614.25,620.25,931807,BANDHANBNK
9/12/2018,622.049988,630.349976,598,612.799988,1281396,BANDHANBNK
9/14/2018,620.5,639.700012,620.5,625.299988,847107,BANDHANBNK
9/17/2018,623.799988,632,613,624.5,547457,BANDHANBNK
9/18/2018,627,633,618,619.400024,323964,BANDHANBNK
9/19/2018,621.099976,626.950012,599,602.299988,529034,BANDHANBNK
9/21/2018,610,623.950012,545.049988,569.599976,4891350,BANDHANBNK
9/24/2018,575,580.450012,538,547.75,1802699,BANDHANBNK
9/25/2018,545,576.75,531,567.049988,1441799,BANDHANBNK
9/26/2018,572,575.950012,548,552.599976,625749,BANDHANBNK
9/27/2018,554.799988,577,542.299988,570.349976,1230585,BANDHANBNK
9/28/2018,570.349976,575.299988,550.049988,565.25,896827,BANDHANBNK
10/1/2018,475.549988,485.899994,452.200012,452.200012,4197547,BANDHANBNK
10/3/2018,437,498.799988,422.100006,446.399994,13911206,BANDHANBNK
10/4/2018,438,465.299988,430.100006,458.399994,4294419,BANDHANBNK
10/5/2018,460,468.950012,451.75,458.799988,2153997,BANDHANBNK
10/8/2018,464,489.600006,456.299988,471.200012,1795572,BANDHANBNK
10/9/2018,476.399994,492,476.399994,486.850006,1134177,BANDHANBNK
10/10/2018,498,521.349976,493.049988,512.150024,5186411,BANDHANBNK
10/11/2018,490,491.950012,462.149994,470.200012,3521166,BANDHANBNK
10/12/2018,475,485.850006,463,467.799988,1559358,BANDHANBNK
10/15/2018,480,482,467,470.75,1185286,BANDHANBNK
10/16/2018,474,476,463.049988,463.950012,721266,BANDHANBNK
10/17/2018,466,471.950012,450.549988,454.450012,766677,BANDHANBNK
10/19/2018,450.600006,451.399994,405,416.299988,2075324,BANDHANBNK
10/22/2018,425,425,403,408.950012,787706,BANDHANBNK
10/23/2018,403,407.75,397,399.799988,1169804,BANDHANBNK
10/24/2018,406,408.899994,385.049988,392.799988,1817323,BANDHANBNK
10/25/2018,386.200012,389,377.200012,380.049988,2489963,BANDHANBNK
10/26/2018,375.049988,389.25,368.100006,380.450012,1687866,BANDHANBNK
10/29/2018,385.549988,404,381.049988,398.700012,1440974,BANDHANBNK
10/30/2018,399.799988,399.799988,383,384.600006,1355884,BANDHANBNK
10/31/2018,389.950012,395.600006,386.799988,390.25,500973,BANDHANBNK
11/1/2018,395,417.950012,391,411.299988,1254442,BANDHANBNK
11/2/2018,416,449,415.5,426.850006,1873856,BANDHANBNK
11/5/2018,429.75,444,426,435.950012,1038453,BANDHANBNK
11/6/2018,444.899994,445.700012,435,437.549988,317131,BANDHANBNK
11/7/2018,444.700012,444.700012,437,439.350006,77012,BANDHANBNK
11/9/2018,440,440.700012,426.399994,431.5,314171,BANDHANBNK
11/12/2018,432,438.700012,423.100006,425.899994,243969,BANDHANBNK
11/13/2018,424,435,418.100006,432.399994,346706,BANDHANBNK
11/14/2018,432.850006,437.700012,425.649994,433.600006,303657,BANDHANBNK
11/15/2018,430,463.950012,430,459.75,1065162,BANDHANBNK
11/16/2018,465,489.899994,462,476.200012,1475264,BANDHANBNK
11/19/2018,479.399994,485.700012,472.299988,478.200012,482371,BANDHANBNK
11/20/2018,475.25,475.25,460,462.149994,316673,BANDHANBNK
11/21/2018,463.799988,473,460,466.850006,284630,BANDHANBNK
11/22/2018,468.149994,471.700012,452,454.049988,306564,BANDHANBNK
11/26/2018,455.799988,459.450012,442.049988,453.549988,402970,BANDHANBNK
11/27/2018,451.950012,473.5,444,464.950012,796421,BANDHANBNK
11/28/2018,465,471.950012,456.399994,466.549988,484897,BANDHANBNK
11/29/2018,469.950012,489.200012,466,487,884658,BANDHANBNK
11/30/2018,489,498.200012,470.200012,483.649994,967220,BANDHANBNK
12/3/2018,487.950012,493.899994,483.100006,491.450012,762010,BANDHANBNK
12/4/2018,494,494,482.600006,487.149994,463146,BANDHANBNK
12/5/2018,484.5,486.600006,476,478,286779,BANDHANBNK
12/6/2018,473,475.899994,467.100006,470.149994,395693,BANDHANBNK
12/7/2018,475.399994,476.950012,469.149994,472,516623,BANDHANBNK
12/10/2018,462,496.549988,462,472,1025039,BANDHANBNK
12/11/2018,462,476,462,466.850006,693846,BANDHANBNK
12/12/2018,472,482,468.399994,471.950012,1832665,BANDHANBNK
12/13/2018,490.5,514.799988,490.5,504.25,2763716,BANDHANBNK
12/14/2018,504,541.099976,503.5,533.799988,1910555,BANDHANBNK
12/17/2018,536.900024,572.299988,535,564.450012,1905044,BANDHANBNK
12/18/2018,568,583.700012,560,571.5,1701394,BANDHANBNK
12/19/2018,572.799988,577.5,554,556.400024,769720,BANDHANBNK
12/20/2018,553.900024,553.900024,532,537.599976,836712,BANDHANBNK
12/21/2018,540,553,521,526.799988,1268961,BANDHANBNK
12/24/2018,529.5,536.900024,506,524.25,1377036,BANDHANBNK
12/26/2018,523,551.849976,507.25,545.349976,1730042,BANDHANBNK
12/27/2018,550,557.650024,537,540.599976,653631,BANDHANBNK
12/28/2018,543,549,532,535.849976,567056,BANDHANBNK
12/31/2018,538.450012,552.75,534.799988,550.150024,1166345,BANDHANBNK
1/1/2019,552.5,560,544.099976,556.700012,589317,BANDHANBNK
1/2/2019,553,563.700012,549.599976,552.150024,834846,BANDHANBNK
1/3/2019,551,554,530,533.799988,620161,BANDHANBNK
1/4/2019,534.25,541.700012,527.049988,528.900024,579027,BANDHANBNK
1/7/2019,540,542,495.549988,498.049988,2684675,BANDHANBNK
1/8/2019,482,501,471,477.049988,7365909,BANDHANBNK
1/9/2019,480,487.850006,450.799988,455.399994,5226669,BANDHANBNK
1/10/2019,452,474.799988,451.100006,471.549988,8091914,BANDHANBNK
1/11/2019,468.799988,468.799988,452,454.399994,2690726,BANDHANBNK
1/14/2019,453.600006,455.799988,437.450012,443.200012,1802629,BANDHANBNK
1/15/2019,444.149994,455.299988,444.149994,452.549988,1668895,BANDHANBNK
1/16/2019,453,457.950012,446.950012,448.649994,728778,BANDHANBNK
1/17/2019,450.700012,454,447.5,449.75,679418,BANDHANBNK
1/18/2019,452,452.600006,439,440.149994,518541,BANDHANBNK
1/21/2019,442,442,425,426.600006,681714,BANDHANBNK
1/22/2019,425.899994,425.899994,407.100006,408.950012,1366028,BANDHANBNK
1/23/2019,409,419.600006,409,414.200012,1023822,BANDHANBNK
1/24/2019,419,419.200012,408.5,413.899994,1169284,BANDHANBNK
1/25/2019,418.5,429.899994,414.5,424.450012,1308247,BANDHANBNK
1/28/2019,424.899994,428.700012,411.25,417.700012,675570,BANDHANBNK
1/29/2019,415,416,403,409.600006,624021,BANDHANBNK
1/30/2019,415,415,404,405.950012,687905,BANDHANBNK
1/31/2019,410,410,397,403.950012,957862,BANDHANBNK
2/1/2019,404.5,410.649994,397.950012,404.850006,1216281,BANDHANBNK
2/4/2019,409.600006,409.600006,400.100006,403.799988,454495,BANDHANBNK
2/5/2019,406,422.600006,403,416.649994,1358194,BANDHANBNK
2/6/2019,421.899994,444,420.5,440.399994,2129366,BANDHANBNK
2/7/2019,446,464,445,460.450012,1862489,BANDHANBNK
2/8/2019,465,468.950012,453.950012,464.75,981473,BANDHANBNK
2/11/2019,466,468,451.5,464.200012,502110,BANDHANBNK
2/12/2019,463.600006,477.950012,457.25,471.799988,991828,BANDHANBNK
2/14/2019,478.299988,484.600006,473.600006,479.350006,533208,BANDHANBNK
2/15/2019,479,484,468.149994,473,687122,BANDHANBNK
2/18/2019,476,477,465,468.350006,329910,BANDHANBNK
2/19/2019,466,479.799988,458,475.850006,382889,BANDHANBNK
2/20/2019,476.200012,478.899994,472,477.25,365546,BANDHANBNK
2/21/2019,479,494.899994,478.049988,488.700012,1101018,BANDHANBNK
2/22/2019,489.049988,497.75,472,483.450012,726569,BANDHANBNK
2/25/2019,486,493.549988,477,480.100006,631008,BANDHANBNK
2/26/2019,466.200012,486.899994,466.200012,479,1697793,BANDHANBNK
2/27/2019,483.799988,487.950012,472,480.299988,1543240,BANDHANBNK
2/28/2019,479,487.5,478,480.049988,4454613,BANDHANBNK
3/1/2019,484.5,486,478,480.049988,242847,BANDHANBNK
3/5/2019,483,492.049988,480,486.5,444948,BANDHANBNK
3/6/2019,493,508,486.5,501.049988,1584714,BANDHANBNK
3/7/2019,506,507,494.200012,496.649994,564316,BANDHANBNK
3/8/2019,495,506.799988,492,502.149994,709084,BANDHANBNK
3/11/2019,507.950012,512.900024,503.049988,511.299988,925642,BANDHANBNK
3/12/2019,513.900024,526.5,504,522.150024,1557324,BANDHANBNK
3/13/2019,523.900024,525,514,517,480028,BANDHANBNK
3/14/2019,518,524.700012,511.549988,513.599976,416149,BANDHANBNK
3/15/2019,516.849976,521.400024,510,511.649994,490943,BANDHANBNK
3/18/2019,508,508,490.100006,492.399994,823788,BANDHANBNK
3/19/2019,493,503.299988,487.450012,500.600006,669993,BANDHANBNK
3/20/2019,502,505,495.799988,497.700012,269229,BANDHANBNK
3/22/2019,500.5,508,499.75,501.850006,1048361,BANDHANBNK
3/25/2019,498,499.899994,487,487.850006,254805,BANDHANBNK
3/26/2019,492,493.549988,487,487.799988,253540,BANDHANBNK
3/27/2019,490,498.299988,484.149994,492.700012,586002,BANDHANBNK
3/28/2019,496.799988,532.400024,495,522.349976,1603747,BANDHANBNK
4/1/2019,528.5,534.599976,525.599976,530.099976,602748,BANDHANBNK
4/2/2019,532.799988,536,520.299988,531.349976,514031,BANDHANBNK
4/3/2019,532.099976,554.700012,532.099976,550.200012,1604829,BANDHANBNK
4/4/2019,551,557.700012,541.099976,545.799988,757129,BANDHANBNK
4/5/2019,546,552.299988,543.25,548.150024,269553,BANDHANBNK
4/8/2019,549.349976,550.849976,527.799988,547,890939,BANDHANBNK
4/9/2019,548,559,536.099976,552.299988,957580,BANDHANBNK
4/10/2019,551.849976,556.599976,542.049988,549.650024,736805,BANDHANBNK
4/11/2019,543,547.75,537.099976,539.650024,269565,BANDHANBNK
4/12/2019,540,543.400024,532.349976,534,217318,BANDHANBNK
4/15/2019,535,537.349976,522.599976,534.75,197838,BANDHANBNK
4/16/2019,535,567,535,557.75,980542,BANDHANBNK
4/18/2019,563,577.400024,562,567.950012,1053129,BANDHANBNK
4/22/2019,566,579.900024,557.950012,562.549988,738274,BANDHANBNK
4/23/2019,566.900024,578.299988,565,575.75,969280,BANDHANBNK
4/24/2019,582.75,609.900024,580,605.5,2421671,BANDHANBNK
4/25/2019,607,613,587.299988,590.450012,957629,BANDHANBNK
4/26/2019,594,605,594,599.900024,775197,BANDHANBNK
4/30/2019,598.799988,603.799988,581.049988,599.450012,634914,BANDHANBNK
5/2/2019,594,636.299988,593,624.700012,5514075,BANDHANBNK
5/3/2019,625.25,635.900024,619,622.5,1798457,BANDHANBNK
5/6/2019,620,620,598.25,603.799988,593783,BANDHANBNK
5/7/2019,606.200012,611.599976,588.150024,590.849976,853243,BANDHANBNK
5/8/2019,591,591.75,566.099976,571.25,2406330,BANDHANBNK
5/9/2019,568.299988,581,564.799988,571.900024,567637,BANDHANBNK
5/10/2019,575,582.5,567,574.700012,573579,BANDHANBNK
5/13/2019,571.400024,575.450012,547.349976,553.25,448453,BANDHANBNK
5/14/2019,545,552.5,536.150024,542.799988,569549,BANDHANBNK
5/15/2019,542.349976,557.5,542.349976,553.75,497272,BANDHANBNK
5/16/2019,557.900024,563.700012,550.049988,557.75,549715,BANDHANBNK
5/17/2019,558.799988,565,549.450012,561,354224,BANDHANBNK
5/20/2019,590,609.75,585,605.099976,1154868,BANDHANBNK
5/21/2019,606.950012,620,575.400024,587.599976,1085277,BANDHANBNK
5/22/2019,589.599976,608,588.5,599.549988,1473089,BANDHANBNK
5/23/2019,611,629.950012,604,615.950012,2407076,BANDHANBNK
5/24/2019,620.099976,623.900024,582.799988,596.299988,2072973,BANDHANBNK
5/27/2019,596.950012,604.849976,596.099976,599.799988,2528465,BANDHANBNK
5/28/2019,603,603.799988,591.700012,595,284123,BANDHANBNK
5/29/2019,597.849976,602.099976,586.299988,589,299690,BANDHANBNK
5/30/2019,590.25,600.5,590.25,595.650024,274549,BANDHANBNK
5/31/2019,596,600.099976,590,591.700012,202268,BANDHANBNK
6/3/2019,591.099976,602.900024,582,599.75,426586,BANDHANBNK
6/4/2019,599.799988,600.900024,590.5,592.099976,362734,BANDHANBNK
6/6/2019,594.5,594.900024,580,582.099976,295635,BANDHANBNK
6/7/2019,582.150024,583.799988,558,559.25,481656,BANDHANBNK
6/10/2019,566.799988,568.900024,549,552.450012,314593,BANDHANBNK
6/11/2019,553.049988,561.5,542,559.599976,411050,BANDHANBNK
6/12/2019,564.950012,564.950012,549,554.900024,279868,BANDHANBNK
6/13/2019,545,552.700012,538.099976,546.549988,422970,BANDHANBNK
6/14/2019,538,540,532.299988,538.650024,599251,BANDHANBNK
6/17/2019,538,545.700012,537,539.900024,343547,BANDHANBNK
6/18/2019,543.450012,562,541,558.650024,1080054,BANDHANBNK
6/19/2019,560.400024,562.75,536.599976,543.549988,1367450,BANDHANBNK
6/20/2019,548.5,548.5,534,535.849976,325116,BANDHANBNK
6/21/2019,536.900024,540.650024,520,530.75,556231,BANDHANBNK
6/24/2019,531.400024,548,531,533.900024,339147,BANDHANBNK
6/25/2019,534.950012,535.450012,526,527.700012,203489,BANDHANBNK
6/26/2019,525.599976,536.150024,525,535.049988,410527,BANDHANBNK
6/27/2019,537.099976,541.650024,532.599976,537.799988,583362,BANDHANBNK
6/28/2019,536,544.549988,533.5,538.75,301161,BANDHANBNK
7/1/2019,542.150024,549,538.5,545.5,352885,BANDHANBNK
7/2/2019,548,560.599976,544,559.349976,449058,BANDHANBNK
7/3/2019,561.349976,561.349976,552.299988,555.400024,185443,BANDHANBNK
7/4/2019,560.5,568.099976,556.700012,559.299988,886461,BANDHANBNK
7/5/2019,560.299988,563.549988,543.299988,547.549988,207556,BANDHANBNK
7/8/2019,538.099976,548,527.5,531.75,259887,BANDHANBNK
7/9/2019,533,538.150024,522,524.200012,343479,BANDHANBNK
7/10/2019,524.299988,537.950012,524,534.549988,237789,BANDHANBNK
7/11/2019,535.5,560.5,535.5,556.099976,439434,BANDHANBNK
7/12/2019,559.299988,563.900024,555.099976,560.049988,863145,BANDHANBNK
7/15/2019,559.549988,560,545.549988,549.400024,205243,BANDHANBNK
7/16/2019,549.900024,555.900024,541.599976,551.299988,288514,BANDHANBNK
7/17/2019,549,549.950012,535,539.349976,384953,BANDHANBNK
7/18/2019,540,544.099976,526.549988,528.799988,384789,BANDHANBNK
7/19/2019,535,541.799988,507.200012,527.349976,2074439,BANDHANBNK
7/22/2019,530,530,498,501.299988,700676,BANDHANBNK
7/23/2019,506.799988,508,465.700012,469.049988,1094788,BANDHANBNK
7/24/2019,469.5,477.799988,432,440.299988,2504413,BANDHANBNK
7/25/2019,445.100006,464.899994,445.100006,461.399994,1802292,BANDHANBNK
7/26/2019,465.5,493.899994,464.100006,490.200012,1784947,BANDHANBNK
7/29/2019,492.700012,504.5,482.700012,492.25,1016852,BANDHANBNK
7/30/2019,493,498.799988,471,480.700012,948861,BANDHANBNK
7/31/2019,476,484.649994,465,480.75,1401988,BANDHANBNK
8/1/2019,478.950012,484.899994,475.049988,480.25,1055339,BANDHANBNK
8/2/2019,476.5,479.799988,458.049988,464.899994,1574974,BANDHANBNK
8/5/2019,460,475.899994,455.850006,471.950012,1465110,BANDHANBNK
8/6/2019,472,487.5,468.25,482.149994,795823,BANDHANBNK
8/7/2019,484,489.950012,474,477.25,312625,BANDHANBNK
8/8/2019,476,490,472,486.899994,350297,BANDHANBNK
8/9/2019,491,502,485.25,499.450012,457487,BANDHANBNK
8/13/2019,499.799988,505.700012,489.149994,494,315301,BANDHANBNK
8/14/2019,494.25,499.5,491.049988,497.600006,225306,BANDHANBNK
8/16/2019,499,507,497.799988,502.5,381844,BANDHANBNK
8/19/2019,505,508.950012,493.649994,498.299988,282350,BANDHANBNK
8/20/2019,496.200012,500.950012,483.950012,488,503252,BANDHANBNK
8/21/2019,490,490,463.049988,465.399994,422947,BANDHANBNK
8/22/2019,469,476,452.25,458.450012,836231,BANDHANBNK
8/23/2019,461,462.850006,454.549988,459.850006,546504,BANDHANBNK
8/26/2019,484,484,455.149994,469.649994,435533,BANDHANBNK
8/27/2019,473.899994,480.399994,472.100006,474.049988,388406,BANDHANBNK
8/28/2019,476,477,470.700012,474.700012,810710,BANDHANBNK
8/29/2019,474.399994,475.049988,460.25,465.399994,442322,BANDHANBNK
8/30/2019,485.100006,497.649994,461.649994,469.600006,1799423,BANDHANBNK
9/3/2019,468,468,451.799988,454.549988,808156,BANDHANBNK
9/4/2019,457.549988,460,440.049988,452.149994,331206,BANDHANBNK
9/5/2019,454,454,446.399994,449.049988,255423,BANDHANBNK
9/6/2019,451.399994,451.950012,447,449.75,201372,BANDHANBNK
9/9/2019,452,454.299988,437,449.75,894758,BANDHANBNK
9/11/2019,453,463.200012,446.649994,449.100006,1484769,BANDHANBNK
9/12/2019,451,458.299988,450.600006,454.950012,539133,BANDHANBNK
9/13/2019,459,459,452.950012,455.149994,391485,BANDHANBNK
9/16/2019,454,454,448.700012,449.899994,265179,BANDHANBNK
9/17/2019,451.899994,452.950012,443.299988,446.5,432126,BANDHANBNK
9/18/2019,449.799988,451.299988,441.200012,444.649994,184260,BANDHANBNK
9/19/2019,445,447,442,443.950012,345901,BANDHANBNK
9/20/2019,446.700012,525,444.450012,496.950012,2056271,BANDHANBNK
9/23/2019,504.299988,538.400024,504.049988,527.25,2145806,BANDHANBNK
9/24/2019,534,534.049988,501.25,506.149994,556392,BANDHANBNK
9/25/2019,500,503.799988,488,489.600006,416150,BANDHANBNK
9/26/2019,489.149994,514.799988,489,503.799988,748314,BANDHANBNK
9/27/2019,505,511,495.5,498.850006,400420,BANDHANBNK
9/30/2019,501,508.799988,488.100006,491.899994,510468,BANDHANBNK
10/1/2019,495.5,495.5,465.5,470.350006,728512,BANDHANBNK
10/3/2019,471,491.200012,464.600006,478.5,475319,BANDHANBNK
10/4/2019,480,490,480,484.350006,422022,BANDHANBNK
10/7/2019,488,488,469.049988,479.549988,299710,BANDHANBNK
10/9/2019,482.100006,484.399994,471.149994,480.549988,403420,BANDHANBNK
10/10/2019,482,511,477,506.649994,2186326,BANDHANBNK
10/11/2019,536.099976,607.950012,536.099976,583.5,10461345,BANDHANBNK
10/14/2019,579,579.700012,556.299988,568.700012,4659162,BANDHANBNK
10/15/2019,570.200012,638,570.200012,623.700012,59302088,BANDHANBNK
10/16/2019,603,603,577.5,583.599976,6024521,BANDHANBNK
10/17/2019,576.700012,577,560.200012,568.5,1880827,BANDHANBNK
10/18/2019,568,568,548,554.700012,2945367,BANDHANBNK
10/22/2019,554,580.450012,553.799988,559.349976,2860120,BANDHANBNK
10/23/2019,560,565,551.700012,555.700012,871830,BANDHANBNK
10/24/2019,561,585.799988,559.5,570.549988,3748392,BANDHANBNK
10/25/2019,577.049988,599,577.049988,594.849976,2512565,BANDHANBNK
10/29/2019,596.799988,650,592,624.25,3377753,BANDHANBNK
10/30/2019,614.900024,623.75,594,614.25,5763829,BANDHANBNK
10/31/2019,619.950012,626.900024,602,612.299988,2076831,BANDHANBNK
11/1/2019,616.950012,618.900024,594.200012,599,1740679,BANDHANBNK
11/4/2019,598,605.299988,584.150024,590,755659,BANDHANBNK
11/5/2019,590.900024,592.900024,580,587,828572,BANDHANBNK
11/6/2019,587.950012,587.950012,569.549988,582.5,1558506,BANDHANBNK
11/7/2019,589.700012,589.700012,565.400024,568.599976,1794482,BANDHANBNK
11/8/2019,568,574.25,548.5,550.799988,1979356,BANDHANBNK
11/11/2019,551.950012,564.799988,534.049988,549.849976,2396741,BANDHANBNK
11/13/2019,552.25,574.700012,552.25,563.950012,3157399,BANDHANBNK
11/14/2019,565.299988,576.700012,552.049988,557.549988,1883718,BANDHANBNK
11/15/2019,560.75,569,556.200012,559.950012,1634098,BANDHANBNK
11/18/2019,564,564.200012,550,558.650024,910990,BANDHANBNK
11/19/2019,555,555,534,536.25,2252366,BANDHANBNK
11/20/2019,537,543.5,505.049988,525.700012,5287905,BANDHANBNK
11/21/2019,530,537.5,521,533.950012,2343477,BANDHANBNK
11/22/2019,535.150024,538,523.5,526.75,2485274,BANDHANBNK
11/25/2019,530,553,529.849976,539.5,2614429,BANDHANBNK
11/26/2019,543,554.200012,530.099976,544.049988,5300193,BANDHANBNK
11/27/2019,546.75,556.400024,544.049988,552.849976,1440142,BANDHANBNK
11/28/2019,551.599976,591.900024,547.25,583.099976,4071514,BANDHANBNK
11/29/2019,584.400024,597,571.099976,581.200012,3170352,BANDHANBNK
12/2/2019,582,582.549988,562.299988,568.400024,1277526,BANDHANBNK
12/3/2019,572,588.5,571,578.400024,2367997,BANDHANBNK
12/4/2019,577.900024,579.700012,566.400024,569.799988,1174476,BANDHANBNK
12/5/2019,570,583.799988,569.700012,577.400024,1451852,BANDHANBNK
12/6/2019,580.25,581.25,551.400024,562.549988,1214210,BANDHANBNK
12/9/2019,563.5,563.5,540.25,543.200012,1111829,BANDHANBNK
12/10/2019,542.950012,550,516.099976,521.049988,1487628,BANDHANBNK
12/11/2019,521,522.599976,509,515,1143268,BANDHANBNK
12/12/2019,518,531.700012,512.099976,515.75,1300236,BANDHANBNK
12/13/2019,518.5,524.549988,512,515,1185257,BANDHANBNK
12/16/2019,516,522.400024,485.549988,489.450012,2616953,BANDHANBNK
12/17/2019,496,496.549988,478.5,480,2103627,BANDHANBNK
12/18/2019,482,504.399994,457,500,9235981,BANDHANBNK
12/19/2019,501,521.900024,500.950012,518.349976,5417971,BANDHANBNK
12/20/2019,523.099976,526.400024,506.399994,516.799988,10416816,BANDHANBNK
12/23/2019,506.049988,512,500.049988,503.75,1455069,BANDHANBNK
12/24/2019,506,508.100006,492.450012,498.399994,1486669,BANDHANBNK
12/26/2019,499.700012,504.799988,495.899994,501.149994,1620693,BANDHANBNK
12/27/2019,503,513.900024,500.5,507.149994,1257635,BANDHANBNK
12/30/2019,509,510.75,503,504.649994,700254,BANDHANBNK
12/31/2019,504.649994,516.150024,495.100006,508.25,1965980,BANDHANBNK
1/1/2020,510.799988,511.75,501,503,520264,BANDHANBNK
1/2/2020,502.950012,502.950012,495.25,499,1835744,BANDHANBNK
1/3/2020,496,514.700012,496,506.149994,1466650,BANDHANBNK
1/6/2020,505,505.5,494.049988,498.100006,1192074,BANDHANBNK
1/7/2020,502.899994,504,490.299988,493.350006,1187941,BANDHANBNK
1/8/2020,485.549988,493.700012,483.100006,484.950012,1147100,BANDHANBNK
1/9/2020,491.799988,493.75,484.25,487.100006,1262680,BANDHANBNK
1/10/2020,489,496.850006,484,492.149994,2057855,BANDHANBNK
1/13/2020,495.799988,517.900024,492.200012,514,2760791,BANDHANBNK
1/14/2020,521.099976,525,498.200012,518.549988,8854312,BANDHANBNK
1/15/2020,519.5,526,491,492.299988,3792641,BANDHANBNK
1/16/2020,495.5,498,473.799988,475.850006,3387070,BANDHANBNK
1/17/2020,477,484.899994,475.149994,481,2620773,BANDHANBNK
1/20/2020,482,486.549988,478.350006,483.700012,1033438,BANDHANBNK
1/21/2020,481,483.899994,476,476.75,1253858,BANDHANBNK
1/22/2020,479.799988,487.5,473.5,475.5,2611708,BANDHANBNK
1/23/2020,476.799988,480.299988,474,475.100006,1265094,BANDHANBNK
1/24/2020,476.5,484.899994,470.299988,481.850006,1325867,BANDHANBNK
1/27/2020,478.399994,484.399994,473.899994,474.600006,943592,BANDHANBNK
1/28/2020,475,477,460,462.299988,1204858,BANDHANBNK
1/29/2020,465,466,445.25,451.149994,2273052,BANDHANBNK
1/30/2020,451,451.100006,435,437.700012,1803225,BANDHANBNK
1/31/2020,446,459.75,446,450.350006,2762309,BANDHANBNK
2/3/2020,439.700012,442,432.850006,438,1272221,BANDHANBNK
2/4/2020,440,442.350006,433,437.899994,2472717,BANDHANBNK
2/5/2020,439.5,439.899994,427.5,429.200012,2489013,BANDHANBNK
2/6/2020,431.75,436.25,421,425.450012,3502440,BANDHANBNK
2/7/2020,428.100006,447.850006,425.450012,442.700012,5359754,BANDHANBNK
2/10/2020,444.700012,461.200012,437.149994,457.450012,4552331,BANDHANBNK
2/11/2020,463,468.450012,453,459.399994,2665917,BANDHANBNK
2/12/2020,465,481.200012,461,469.799988,4142162,BANDHANBNK
2/13/2020,455,456.700012,445.100006,452.049988,2416819,BANDHANBNK
2/14/2020,454.299988,463.5,448.600006,452.549988,1575017,BANDHANBNK
2/17/2020,452.899994,456.549988,432.600006,433.950012,1056099,BANDHANBNK
2/18/2020,434.649994,437.649994,420.200012,422.350006,2735301,BANDHANBNK
2/19/2020,426,427.350006,409,414.899994,3247010,BANDHANBNK
2/20/2020,417.950012,434,410.100006,415.950012,5025228,BANDHANBNK
2/24/2020,414.700012,424.5,406.25,408.25,2221943,BANDHANBNK
2/25/2020,419,425.950012,402,403.899994,3500768,BANDHANBNK
2/26/2020,415,423,391.299988,394.100006,7223093,BANDHANBNK
2/27/2020,395,406,387.299988,398.799988,12889686,BANDHANBNK
2/28/2020,385.200012,388.75,370,383.5,12490831,BANDHANBNK
3/2/2020,395.799988,406.850006,385,394.049988,6530741,BANDHANBNK
3/3/2020,398,410.700012,395.200012,400.799988,4542669,BANDHANBNK
3/4/2020,401.5,409.899994,396.600006,400.399994,4446134,BANDHANBNK
3/5/2020,405.600006,424.899994,403.100006,423.200012,4734555,BANDHANBNK
3/6/2020,395,408.899994,388.149994,403.850006,6061657,BANDHANBNK
3/9/2020,394.399994,402,368.100006,374.299988,5349844,BANDHANBNK
3/11/2020,376.450012,389,372,376.100006,3534272,BANDHANBNK
3/12/2020,362.549988,362.700012,327.25,334.950012,6089077,BANDHANBNK
3/13/2020,301.5,362.799988,271,327.549988,9561678,BANDHANBNK
3/16/2020,322.450012,322.899994,268.399994,274.600006,8155173,BANDHANBNK
3/17/2020,283.200012,292.549988,252.199997,257.75,6694350,BANDHANBNK
3/18/2020,260,265,185.699997,224.399994,26937012,BANDHANBNK
3/19/2020,202,212.949997,195.050003,200.75,14032787,BANDHANBNK
3/20/2020,203.75,239.850006,203.75,231.600006,19133518,BANDHANBNK
3/23/2020,208.449997,220,170,173.649994,11419594,BANDHANBNK
3/24/2020,191,191,157.050003,161.050003,11500901,BANDHANBNK
3/25/2020,163,165,152.199997,154.75,16358053,BANDHANBNK
3/26/2020,160.800003,224.350006,158,215.600006,20248650,BANDHANBNK
3/27/2020,237.149994,269.5,230.050003,249.550003,24788745,BANDHANBNK
3/30/2020,225.050003,248.899994,212.149994,216.25,18917988,BANDHANBNK
3/31/2020,225,229,198.5,203.75,12603650,BANDHANBNK
4/1/2020,205.899994,207.699997,191,194.899994,9321796,BANDHANBNK
4/3/2020,196.199997,197.050003,180,181.550003,9146955,BANDHANBNK
4/7/2020,198,199.25,164.300003,167.25,45525055,BANDHANBNK
4/8/2020,167.949997,209.050003,167.5,193.75,30692120,BANDHANBNK
4/9/2020,205,205,182.25,192.25,19530535,BANDHANBNK
4/13/2020,184,195.800003,173.5,193,22145557,BANDHANBNK
4/15/2020,212.300003,212.300003,185,186.800003,24174944,BANDHANBNK
4/16/2020,184.600006,204.75,180,198.199997,22001366,BANDHANBNK
4/17/2020,211,226.649994,200.899994,216.300003,23292268,BANDHANBNK
4/20/2020,223,229.699997,213,216,21748541,BANDHANBNK
4/21/2020,205.5,207.399994,183.600006,195.350006,15122227,BANDHANBNK
4/22/2020,194,200.699997,190,198.850006,13940749,BANDHANBNK
4/23/2020,199.5,208,197.800003,201.050003,11788591,BANDHANBNK
4/24/2020,195,202.899994,193,198.449997,9301023,BANDHANBNK
4/27/2020,203,210.5,200.449997,208.350006,10393551,BANDHANBNK
4/28/2020,214,224.5,213.100006,221.100006,12897606,BANDHANBNK
4/29/2020,221.100006,237.899994,219.649994,234.449997,20055036,BANDHANBNK
4/30/2020,245.050003,266.450012,245.050003,262.350006,28031266,BANDHANBNK
5/4/2020,245,245,236.149994,240.949997,15031861,BANDHANBNK
5/5/2020,247.949997,253,235.5,236.25,12058763,BANDHANBNK
5/6/2020,237.800003,253.5,222.149994,249.300003,15816272,BANDHANBNK
5/7/2020,247.399994,263.899994,244.449997,252.199997,13822866,BANDHANBNK
5/8/2020,261.799988,262.850006,234.550003,240,12440889,BANDHANBNK
5/11/2020,246.949997,250.850006,237.5,239.850006,9656465,BANDHANBNK
5/12/2020,238,238.649994,229,233.899994,13232678,BANDHANBNK
5/13/2020,251,257.25,243.350006,252.199997,20769565,BANDHANBNK
5/14/2020,246.899994,255.300003,243,251.800003,9422831,BANDHANBNK
5/15/2020,254,255.300003,242.149994,243.699997,10301860,BANDHANBNK
5/18/2020,243.699997,244.600006,224.350006,229.600006,13568015,BANDHANBNK
5/19/2020,231.100006,235.5,216.300003,220.399994,16406538,BANDHANBNK
5/20/2020,214.899994,223.850006,212.25,222.100006,10838869,BANDHANBNK
5/21/2020,222,222,209.949997,210.850006,10226610,BANDHANBNK
5/22/2020,204,209.75,195.399994,202.949997,26939887,BANDHANBNK
5/26/2020,204.25,208.5,201,202.149994,7914022,BANDHANBNK
5/27/2020,204,220.850006,202,219.149994,15435662,BANDHANBNK
5/28/2020,221,230.899994,219.300003,222.25,13473147,BANDHANBNK
5/29/2020,215.199997,220,211.149994,218.149994,14060363,BANDHANBNK
6/1/2020,225,230.5,223.5,226.649994,10176127,BANDHANBNK
6/2/2020,227,243.649994,223,240.649994,15033181,BANDHANBNK
6/3/2020,248.949997,261.399994,245,250.25,18061381,BANDHANBNK
6/4/2020,248,253,231.800003,233.449997,14470465,BANDHANBNK
6/5/2020,234,251.600006,233.550003,247.699997,14950858,BANDHANBNK
6/8/2020,257.600006,268,256,263.25,15485630,BANDHANBNK
6/9/2020,265.5,278.899994,257.100006,259.850006,25395072,BANDHANBNK
6/10/2020,260,275,254.199997,268.75,23641130,BANDHANBNK
6/11/2020,271.049988,289.200012,265.399994,267.5,28647703,BANDHANBNK
6/12/2020,250,286.600006,248.550003,283.5,22739564,BANDHANBNK
6/15/2020,278,281.549988,264.600006,268.649994,15866221,BANDHANBNK
6/16/2020,279,280,260.049988,268,13949824,BANDHANBNK
6/17/2020,262.600006,273.5,260.25,263.200012,16347909,BANDHANBNK
6/18/2020,263,273.450012,260.200012,271.649994,11499081,BANDHANBNK
6/19/2020,272.549988,294.700012,272.549988,290.600006,20301791,BANDHANBNK
6/22/2020,295,319.649994,294.549988,311.25,23988052,BANDHANBNK
6/23/2020,316,357.899994,315,350.850006,24592951,BANDHANBNK
6/24/2020,365,367.799988,328.100006,331.350006,38747449,BANDHANBNK
6/25/2020,320.049988,343.350006,319.049988,335.399994,28697186,BANDHANBNK
6/26/2020,340.700012,345.299988,332.350006,337.950012,12952914,BANDHANBNK
6/29/2020,333,335.850006,323.200012,328.200012,9560120,BANDHANBNK
6/30/2020,335.700012,338.200012,313.399994,319.299988,12186073,BANDHANBNK
7/1/2020,321.25,330.700012,315,325.850006,13225374,BANDHANBNK
7/2/2020,330.850006,355.75,329.149994,346.25,28669847,BANDHANBNK
7/3/2020,347,351.75,336.5,347.149994,15132550,BANDHANBNK
7/6/2020,351.700012,359.299988,349,356.950012,12830850,BANDHANBNK
7/7/2020,367.600006,402,362.100006,394.700012,41836417,BANDHANBNK
7/8/2020,392.950012,398.549988,375.5,379.299988,21023774,BANDHANBNK
7/9/2020,383.700012,385,375.100006,381.100006,12693961,BANDHANBNK
7/10/2020,376,380.899994,367.049988,373.950012,10533409,BANDHANBNK
7/13/2020,378,382.75,367.350006,370.100006,10149554,BANDHANBNK
7/14/2020,364,366.5,343.700012,352.399994,17020139,BANDHANBNK
7/15/2020,361,370,345.399994,349.399994,21249650,BANDHANBNK
7/16/2020,354,354.700012,330.549988,342.5,13760677,BANDHANBNK
7/17/2020,345,355.450012,342.399994,352.799988,11077681,BANDHANBNK
7/20/2020,356,358.799988,347.700012,350.5,9622113,BANDHANBNK
7/21/2020,354.799988,356.950012,352,353.200012,6326573,BANDHANBNK
7/22/2020,355.5,357,339,343.899994,9906798,BANDHANBNK
7/23/2020,345,351,342.350006,349.950012,7336798,BANDHANBNK
7/24/2020,342.5,350.600006,338,341.350006,9745369,BANDHANBNK
7/27/2020,345,346.600006,327.299988,330.25,9552252,BANDHANBNK
7/28/2020,333,344.899994,331.149994,340.549988,6914702,BANDHANBNK
7/29/2020,340.549988,348.700012,335.049988,336.350006,6871418,BANDHANBNK
7/30/2020,339.399994,343.649994,336.700012,338.100006,9050775,BANDHANBNK
7/31/2020,338,348,329,345.100006,8836772,BANDHANBNK
8/3/2020,320.850006,320.850006,295.100006,308.799988,124340959,BANDHANBNK
8/4/2020,314.450012,314.5,305,306.899994,19794993,BANDHANBNK
8/5/2020,308.600006,315.899994,308.100006,310.950012,19761987,BANDHANBNK
8/6/2020,312.5,312.5,295.5,300.049988,39111547,BANDHANBNK
8/7/2020,300.25,309.299988,300.25,307.5,20833159,BANDHANBNK
8/10/2020,309.649994,311.899994,300,301.399994,13379338,BANDHANBNK
8/11/2020,304.350006,304.350006,294,300.600006,39907746,BANDHANBNK
8/12/2020,297.100006,300.399994,293.149994,297.350006,15453391,BANDHANBNK
8/13/2020,298.299988,300.600006,289,290.899994,14222583,BANDHANBNK
8/14/2020,293.5,296,285.100006,288.200012,12715833,BANDHANBNK
8/17/2020,292.299988,292.299988,283,287.299988,13760469,BANDHANBNK
8/18/2020,293,294.399994,285.399994,288,22784731,BANDHANBNK
8/19/2020,290,293.5,288.5,289.649994,14626979,BANDHANBNK
8/20/2020,286,290.899994,284.649994,288.600006,8418746,BANDHANBNK
8/21/2020,292.5,297.899994,290.600006,292.100006,18385254,BANDHANBNK
8/24/2020,295.200012,296.5,293.049988,294.950012,10669028,BANDHANBNK
8/25/2020,297,297.799988,291.100006,293.399994,11273668,BANDHANBNK
8/26/2020,296.899994,299.700012,292.100006,298.049988,12800336,BANDHANBNK
8/27/2020,303.200012,315,302.399994,311.100006,40877834,BANDHANBNK
8/28/2020,313.899994,327,313.100006,320.049988,43218961,BANDHANBNK
8/31/2020,325.450012,328.350006,298.100006,305.799988,37228771,BANDHANBNK
9/1/2020,308.700012,312.899994,299.25,306,11644754,BANDHANBNK
9/2/2020,307,319.649994,304.049988,317.5,11582247,BANDHANBNK
9/3/2020,320.25,322.350006,311,312.899994,7235784,BANDHANBNK
9/4/2020,305,318.5,302.799988,314.450012,20790832,BANDHANBNK
9/7/2020,309.75,312.700012,303.25,307.100006,10201641,BANDHANBNK
9/8/2020,307,312.399994,304,305.450012,8778099,BANDHANBNK
9/9/2020,301,303,295.649994,300.850006,10803743,BANDHANBNK
9/10/2020,302,309.450012,299,307.049988,8480198,BANDHANBNK
9/11/2020,304,314.5,303,311.799988,7839422,BANDHANBNK
9/14/2020,312.5,318.399994,297.600006,301.399994,14394232,BANDHANBNK
9/15/2020,302,305,296.399994,303.700012,12177672,BANDHANBNK
9/16/2020,304.700012,307.700012,303,305.100006,7270508,BANDHANBNK
9/17/2020,301.75,309,300.649994,305.299988,6786105,BANDHANBNK
9/18/2020,306,307.700012,294.149994,298.75,14179955,BANDHANBNK
9/21/2020,298,298,273.100006,277.200012,11574800,BANDHANBNK
9/22/2020,275,275,262.350006,267.450012,14047363,BANDHANBNK
9/23/2020,271.5,272.850006,261,267.950012,10084050,BANDHANBNK
9/24/2020,262.799988,264.850006,252.699997,254.800003,7917996,BANDHANBNK
9/25/2020,259.899994,266.700012,251.399994,265,8087529,BANDHANBNK
9/28/2020,269.149994,281.899994,267.200012,280.450012,7389888,BANDHANBNK
9/29/2020,282.5,285.899994,271.649994,273.549988,7277914,BANDHANBNK
9/30/2020,275.399994,276.5,268.5,273,6008861,BANDHANBNK
10/1/2020,276.850006,287,276.049988,285.75,9299281,BANDHANBNK
10/5/2020,290,297.950012,288.600006,292.350006,9493560,BANDHANBNK
10/6/2020,295,307.25,294.549988,306,12529343,BANDHANBNK
10/7/2020,306.950012,315.450012,302.850006,314.549988,15434725,BANDHANBNK
10/8/2020,322.299988,327.200012,316.5,318.799988,15786867,BANDHANBNK
10/9/2020,320.950012,330,318.600006,325.450012,17060134,BANDHANBNK
10/12/2020,327.399994,332.350006,322,327.850006,8429333,BANDHANBNK
10/13/2020,325,327.600006,318.5,320.600006,5638703,BANDHANBNK
10/14/2020,315,322.399994,311.399994,320.75,7368269,BANDHANBNK
10/15/2020,320.75,327.200012,301.200012,303.75,11104724,BANDHANBNK
10/16/2020,304,314,304,313,8493804,BANDHANBNK
10/19/2020,318.350006,326.75,315.75,323.700012,9296797,BANDHANBNK
10/20/2020,320,321.450012,312.700012,319.149994,6320079,BANDHANBNK
10/21/2020,321.799988,326.950012,311.5,316.049988,10933236,BANDHANBNK
10/22/2020,312.25,315.700012,307.299988,310.299988,8193207,BANDHANBNK
10/23/2020,313,315,306,307.75,6152238,BANDHANBNK
10/26/2020,309,309.649994,297.25,299.149994,6562231,BANDHANBNK
10/27/2020,298.899994,298.899994,289.100006,296.200012,7970348,BANDHANBNK
10/28/2020,298,299.350006,287,288.950012,6382953,BANDHANBNK
10/29/2020,287.299988,294.450012,279,293.25,10359431,BANDHANBNK
10/30/2020,292,294.950012,287,289.450012,7289875,BANDHANBNK
11/2/2020,294,307.899994,294,300.899994,14730628,BANDHANBNK
11/3/2020,305,314.950012,304,308.299988,12152353,BANDHANBNK
11/4/2020,309.899994,313.450012,303.25,312.600006,7644699,BANDHANBNK
11/5/2020,317,321.799988,313,321,10684278,BANDHANBNK
11/6/2020,321,332.5,319,330.899994,13602403,BANDHANBNK
11/9/2020,333.649994,346.799988,333.649994,340.100006,18229289,BANDHANBNK
11/10/2020,345,354,335.200012,344.950012,17711644,BANDHANBNK
11/11/2020,348.799988,351.850006,331.799988,339.149994,15316734,BANDHANBNK
11/12/2020,339.799988,339.799988,330.25,337.75,8583838,BANDHANBNK
11/13/2020,333,346,330,344.25,8240401,BANDHANBNK
11/17/2020,350,354.899994,347,352.649994,11071629,BANDHANBNK
11/18/2020,352.950012,363.5,348.299988,361.450012,15482082,BANDHANBNK
11/19/2020,356.899994,366.299988,351.200012,352.600006,13764095,BANDHANBNK
11/20/2020,352.649994,355.549988,339,349.899994,12357869,BANDHANBNK
11/23/2020,358,360.549988,352,353.899994,11410317,BANDHANBNK
11/24/2020,357,360.399994,353.5,358.75,10498217,BANDHANBNK
11/25/2020,362,374.950012,361.149994,368.149994,18893686,BANDHANBNK
11/26/2020,369.899994,370,357.5,366.549988,9884907,BANDHANBNK
11/27/2020,368.399994,372.299988,362.100006,367,10064518,BANDHANBNK
12/1/2020,371,381.75,367,377.200012,9755182,BANDHANBNK
12/2/2020,377.850006,379,365.799988,372.299988,6428691,BANDHANBNK
12/3/2020,373.399994,377.850006,368.25,376.600006,6159575,BANDHANBNK
12/4/2020,379,396,375,393.399994,10228049,BANDHANBNK
12/7/2020,395,414.799988,394,411,14804808,BANDHANBNK
12/8/2020,412.950012,417.5,400.600006,403.899994,14067486,BANDHANBNK
12/9/2020,407,407,396,399.950012,15705261,BANDHANBNK
12/10/2020,399.950012,417.299988,395.549988,414.899994,14568462,BANDHANBNK
12/11/2020,419.149994,430.700012,415,423.200012,19865737,BANDHANBNK
12/14/2020,425.299988,429.25,408.700012,410.299988,11062764,BANDHANBNK
12/15/2020,414,416.950012,409.5,412.149994,7806649,BANDHANBNK
12/16/2020,415.899994,418.450012,408.850006,410.149994,3743529,BANDHANBNK
12/17/2020,408.200012,414.200012,405,406.350006,5443407,BANDHANBNK
12/18/2020,405.799988,414.200012,404.049988,408.200012,9202955,BANDHANBNK
12/21/2020,404.950012,404.950012,367.5,374.299988,11223698,BANDHANBNK
12/22/2020,378.299988,399,374.200012,396.700012,15004322,BANDHANBNK
12/23/2020,395.899994,402.649994,391.549988,399.049988,7220916,BANDHANBNK
12/24/2020,407,409,394.950012,398.149994,5255643,BANDHANBNK
12/28/2020,402,407.5,398.649994,406.149994,4677485,BANDHANBNK
12/29/2020,408,419.25,407.450012,413.200012,8237480,BANDHANBNK
12/30/2020,416.5,416.5,402.5,406.100006,6415631,BANDHANBNK
12/31/2020,408,408.100006,395.700012,402.25,11457749,BANDHANBNK
1/1/2021,402,404.950012,396,400.200012,5230681,BANDHANBNK
1/4/2021,404,404.399994,395,397,9725066,BANDHANBNK
1/5/2021,394,403.899994,390.399994,401.850006,11743029,BANDHANBNK
1/6/2021,403.950012,409.25,394.600006,396,9455430,BANDHANBNK
1/7/2021,406.549988,411,401.399994,405.799988,12540078,BANDHANBNK
1/8/2021,411.049988,424,409.399994,419.399994,16763434,BANDHANBNK
1/11/2021,424.899994,424.899994,404.5,408.399994,9559472,BANDHANBNK
1/12/2021,406.5,406.5,388.299988,391.450012,20267358,BANDHANBNK
1/13/2021,395.299988,395.450012,371,375.100006,21737588,BANDHANBNK
1/14/2021,374.899994,379.799988,369.299988,373.149994,12123283,BANDHANBNK
1/15/2021,376,377.899994,362.25,368.549988,12862038,BANDHANBNK
1/18/2021,367.600006,368.950012,354,356,11063196,BANDHANBNK
1/19/2021,361.299988,364.399994,353.100006,362.299988,14106377,BANDHANBNK
1/20/2021,362.950012,367.299988,357.100006,359.799988,14562621,BANDHANBNK
1/21/2021,364.950012,372.549988,335,340.700012,34448498,BANDHANBNK
1/22/2021,333,336.200012,311.850006,314.100006,35577488,BANDHANBNK
1/25/2021,320,320,301.5,309.549988,19108393,BANDHANBNK
1/27/2021,309.850006,315.399994,302.100006,303.700012,12842107,BANDHANBNK
1/28/2021,299.899994,313.899994,297,311.149994,18713452,BANDHANBNK
1/29/2021,316.200012,318.200012,306.5,309.450012,14889735,BANDHANBNK
2/1/2021,310,325.899994,304.899994,323.25,16423176,BANDHANBNK
2/2/2021,330,343.899994,328.450012,339.350006,21959784,BANDHANBNK
2/3/2021,347,347.649994,337.149994,342.850006,12611884,BANDHANBNK
2/4/2021,338,352,335.149994,346.850006,14445571,BANDHANBNK
2/5/2021,350,357,328,329.549988,23638691,BANDHANBNK
2/8/2021,331,339,329.5,330.649994,8843690,BANDHANBNK
2/9/2021,332.399994,332.399994,323.549988,328.299988,7637014,BANDHANBNK
2/10/2021,330,334.450012,321.25,331.200012,8294890,BANDHANBNK
2/11/2021,333.549988,335.850006,329.549988,332.649994,8109340,BANDHANBNK
2/12/2021,333.100006,341.950012,333.100006,337.5,9455332,BANDHANBNK
2/15/2021,341.549988,343.899994,338.25,339.950012,5343350,BANDHANBNK
2/16/2021,338.950012,352.600006,336.5,350.149994,13133247,BANDHANBNK
2/17/2021,350,353.799988,343.649994,348.25,10556444,BANDHANBNK
2/18/2021,348.299988,353.299988,343,345.649994,6616466,BANDHANBNK
2/19/2021,344.700012,349.799988,335,337.25,7211011,BANDHANBNK
2/22/2021,336.799988,339.149994,324.25,326.899994,7973772,BANDHANBNK
2/23/2021,327.950012,330.700012,322.649994,325.299988,5397776,BANDHANBNK
2/24/2021,326.799988,338.299988,324.049988,335.149994,4745325,BANDHANBNK
2/25/2021,338,346.75,337.5,342.200012,7641813,BANDHANBNK
2/26/2021,334,350.75,332.549988,345.25,12492748,BANDHANBNK
3/1/2021,349,351.25,336.25,338.399994,6356872,BANDHANBNK
3/2/2021,341.5,347.299988,338,345.200012,4929532,BANDHANBNK
3/3/2021,349,357.899994,347.25,354.899994,15005074,BANDHANBNK
3/4/2021,350,362.649994,346,357.399994,12043621,BANDHANBNK
3/5/2021,352,354.399994,343.049988,346.350006,5689037,BANDHANBNK
3/8/2021,351,356.450012,347.149994,351.899994,4872019,BANDHANBNK
3/9/2021,354,357.899994,345.799988,350.899994,5214028,BANDHANBNK
3/10/2021,354,355.700012,348.049988,349.700012,3037997,BANDHANBNK
3/12/2021,357.700012,360,345.5,349.200012,10034217,BANDHANBNK
3/15/2021,348.950012,350,330,339.399994,9256172,BANDHANBNK
3/16/2021,343.75,345,334.5,339.5,5227735,BANDHANBNK
3/17/2021,339,343.299988,334.399994,335.899994,4202725,BANDHANBNK
3/18/2021,340,343.100006,332.399994,337.700012,7645856,BANDHANBNK
3/19/2021,335,347.5,333,346.049988,10449989,BANDHANBNK
3/22/2021,346.049988,355.450012,343.299988,352.600006,9247050,BANDHANBNK
3/23/2021,354.200012,366,352.950012,364.649994,14375142,BANDHANBNK
3/24/2021,365,371,355.450012,357.450012,10310319,BANDHANBNK
3/25/2021,359.049988,361.649994,343.600006,349.950012,8907893,BANDHANBNK
3/26/2021,355.25,358.899994,344.100006,345.600006,6877101,BANDHANBNK
3/30/2021,350.200012,352.299988,335.149994,336.450012,8236867,BANDHANBNK
3/31/2021,337,343.5,335,338.899994,5960197,BANDHANBNK
4/1/2021,341.950012,354.950012,339,350.899994,5001602,BANDHANBNK
4/5/2021,348.700012,349,328.149994,335.450012,5421081,BANDHANBNK
4/6/2021,338,341.5,332.5,337.600006,3517178,BANDHANBNK
